path,format,strategy,institution,language,status,quality_score,characters,size_bytes,pages,error,metadata
data/raw_muestra/F1_IA_y_Capacidades_Estrategicas/AI_Index_Stanford/pdfs/AIINDEX_ai-index-report-2017.pdf,pdf,,,,PDF_OK,,96699,0,101,,{}
data/raw_muestra/F1_IA_y_Capacidades_Estrategicas/AI_Index_Stanford/pdfs/AIINDEX_ai-index-report-2018.pdf,pdf,,,,PDF_OK,,130829,0,94,,{}
data/raw_muestra/F1_IA_y_Capacidades_Estrategicas/AI_Index_Stanford/pdfs/AIINDEX_ai-index-report-2019.pdf,pdf,,,,PDF_OK,,438672,0,291,,{}
data/raw_muestra/F1_IA_y_Capacidades_Estrategicas/AI_Index_Stanford/pdfs/AIINDEX_ai-index-report-2021.pdf,pdf,,,,PDF_OK,,412516,0,222,,{}
data/raw_muestra/F1_IA_y_Capacidades_Estrategicas/AI_Index_Stanford/pdfs/AIINDEX_ai-index-report-2022.pdf,pdf,,,,PDF_OK,,391210,0,230,,{}
data/raw_muestra/F1_IA_y_Capacidades_Estrategicas/AI_Index_Stanford/pdfs/AIINDEX_ai-index-report-2023.pdf,pdf,,,,PDF_OK,,584653,0,386,,{}
data/raw_muestra/F1_IA_y_Capacidades_Estrategicas/AI_Index_Stanford/pdfs/AIINDEX_ai-index-report-2024.pdf,pdf,,,,PDF_OK,,767755,0,502,,{}
data/raw_muestra/F1_IA_y_Capacidades_Estrategicas/AI_Index_Stanford/pdfs/AIINDEX_ai-index-report-2025.pdf,pdf,,,,PDF_OK,,812955,0,457,,{}
data/raw_muestra/F1_IA_y_Capacidades_Estrategicas/AI_Index_Stanford/pdfs/AIINDEX_ai-index-report-2026.pdf,pdf,,,,PDF_OK,,877797,0,425,,{}
data/raw_muestra/F1_IA_y_Capacidades_Estrategicas/AI_Index_Stanford/recursos/AI_Index_Report/pdfs/AIINDEX_ai-index-2024-ch1-research-development.pdf,pdf,,,,PDF_OK,,71518,0,51,,{}
data/raw_muestra/F1_IA_y_Capacidades_Estrategicas/AI_Index_Stanford/recursos/AI_Index_Report/pdfs/AIINDEX_ai-index-2024-ch2-technical-performance.pdf,pdf,,,,PDF_OK,,142932,0,92,,{}
data/raw_muestra/F1_IA_y_Capacidades_Estrategicas/AI_Index_Stanford/recursos/AI_Index_Report/pdfs/AIINDEX_ai-index-2024-ch3-responsible-ai.pdf,pdf,,,,PDF_OK,,114172,0,61,,{}
data/raw_muestra/F1_IA_y_Capacidades_Estrategicas/AI_Index_Stanford/recursos/AI_Index_Report/pdfs/AIINDEX_ai-index-2024-ch4-economy.pdf,pdf,,,,PDF_OK,,143488,0,93,,{}
data/raw_muestra/F1_IA_y_Capacidades_Estrategicas/AI_Index_Stanford/recursos/AI_Index_Report/pdfs/AIINDEX_ai-index-2024-ch5-science-medicine.pdf,pdf,,,,PDF_OK,,42075,0,32,,{}
data/raw_muestra/F1_IA_y_Capacidades_Estrategicas/AI_Index_Stanford/recursos/AI_Index_Report/pdfs/AIINDEX_ai-index-2024-ch6-education.pdf,pdf,,,,PDF_OK,,54876,0,45,,{}
data/raw_muestra/F1_IA_y_Capacidades_Estrategicas/AI_Index_Stanford/recursos/AI_Index_Report/pdfs/AIINDEX_ai-index-2025-ch1-research-development.pdf,pdf,,,,PDF_OK,,104950,0,62,,{}
data/raw_muestra/F1_IA_y_Capacidades_Estrategicas/AI_Index_Stanford/recursos/AI_Index_Report/pdfs/AIINDEX_ai-index-2025-ch2-technical-performance.pdf,pdf,,,,PDF_OK,,153114,0,86,,{}
data/raw_muestra/F1_IA_y_Capacidades_Estrategicas/AI_Index_Stanford/recursos/AI_Index_Report/pdfs/AIINDEX_ai-index-2025-ch3-responsible-ai.pdf,pdf,,,,PDF_OK,,114498,0,58,,{}
data/raw_muestra/F1_IA_y_Capacidades_Estrategicas/AI_Index_Stanford/recursos/AI_Index_Report/pdfs/AIINDEX_ai-index-2025-ch4-economy.pdf,pdf,,,,PDF_OK,,124956,0,77,,{}
data/raw_muestra/F1_IA_y_Capacidades_Estrategicas/AI_Index_Stanford/recursos/AI_Index_Report/pdfs/AIINDEX_ai-index-2025-ch5-science.pdf,pdf,,,,PDF_OK,,103718,0,53,,{}
data/raw_muestra/F1_IA_y_Capacidades_Estrategicas/AI_Index_Stanford/recursos/AI_Index_Report/pdfs/AIINDEX_ai-index-2025-ch6-education.pdf,pdf,,,,PDF_OK,,77530,0,44,,{}
data/raw_muestra/F1_IA_y_Capacidades_Estrategicas/AI_Index_Stanford/recursos/AI_Index_Report/pdfs/AIINDEX_ai-index-2025-ch7-policy-governance.pdf,pdf,,,,PDF_OK,,50535,0,31,,{}
data/raw_muestra/F1_IA_y_Capacidades_Estrategicas/AI_Index_Stanford/recursos/AI_Index_Report/pdfs/AIINDEX_ai-index-2025-chinese-version.pdf,pdf,,,,PDF_OK,,397615,0,456,,{}
data/raw_muestra/F1_IA_y_Capacidades_Estrategicas/AI_Index_Stanford/recursos/Annual_Reports/pdfs/AIINDEX_hai-annual-report-2020-2021.pdf,pdf,,,,PDF_OK,,50800,0,19,,{}
data/raw_muestra/F1_IA_y_Capacidades_Estrategicas/AI_Index_Stanford/recursos/Annual_Reports/pdfs/AIINDEX_hai-annual-report-2021-2022.pdf,pdf,,,,PDF_OK,,65476,0,19,,{}
data/raw_muestra/F1_IA_y_Capacidades_Estrategicas/AI_Index_Stanford/recursos/Annual_Reports/pdfs/AIINDEX_hai-annual-report-2022-2023.pdf,pdf,,,,PDF_OK,,94927,0,25,,{}
data/raw_muestra/F1_IA_y_Capacidades_Estrategicas/AI_Index_Stanford/recursos/Annual_Reports/pdfs/AIINDEX_hai-annual-report-2023-2024.pdf,pdf,,,,PDF_OK,,87033,0,19,,{}
data/raw_muestra/F1_IA_y_Capacidades_Estrategicas/AI_Index_Stanford/recursos/Annual_Reports/pdfs/AIINDEX_hai-annual-report-2024-2025.pdf,pdf,,,,PDF_OK,,47468,0,22,,{}
data/raw_muestra/F1_IA_y_Capacidades_Estrategicas/AI_Index_Stanford/recursos/Education_Skills/pdfs/AIINDEX_industry-brief-education-ai.pdf,pdf,,,,PDF_OK,,36869,0,23,,{}
data/raw_muestra/F1_IA_y_Capacidades_Estrategicas/AI_Index_Stanford/recursos/Environment_Energy/pdfs/AIINDEX_industry-brief-sustainability-ai.pdf,pdf,,,,PDF_OK,,60358,0,33,,{}
data/raw_muestra/F1_IA_y_Capacidades_Estrategicas/AI_Index_Stanford/recursos/Ethics_Equity/pdfs/AIINDEX_policy-brief-ai-ethics.pdf,pdf,,,,PDF_OK,,13029,0,6,,{}
data/raw_muestra/F1_IA_y_Capacidades_Estrategicas/AI_Index_Stanford/recursos/Ethics_Equity/pdfs/AIINDEX_policy-brief-algorithmic-fairness-in-clinical-risk-prediction.pdf,pdf,,,,PDF_OK,,15308,0,6,,{}
data/raw_muestra/F1_IA_y_Capacidades_Estrategicas/AI_Index_Stanford/recursos/Generative_AI/pdfs/AIINDEX_generative-ai-perspectives-from-stanford-hai.pdf,pdf,,,,PDF_OK,,44373,0,22,,{}
data/raw_muestra/F1_IA_y_Capacidades_Estrategicas/AI_Index_Stanford/recursos/Healthcare_Medicine/pdfs/AIINDEX_industry-brief-healthcare-ai.pdf,pdf,,,,PDF_OK,,44342,0,22,,{}
data/raw_muestra/F1_IA_y_Capacidades_Estrategicas/AI_Index_Stanford/recursos/Industry_Innovation/pdfs/AIINDEX_hai-founding-member-program-2025.pdf,pdf,,,,PDF_OK,,3621,0,2,,{}
data/raw_muestra/F1_IA_y_Capacidades_Estrategicas/AI_Index_Stanford/recursos/International_Affairs/pdfs/AIINDEX_policy-brief-chinas-diverse-open-weight-ai-ecosystem.pdf,pdf,,,,PDF_OK,,50128,0,18,,{}
data/raw_muestra/F1_IA_y_Capacidades_Estrategicas/AI_Index_Stanford/recursos/Policy_Governance/pdfs/AIINDEX_congressional-boot-camp-on-ai-booklet.pdf,pdf,,,,PDF_OK,,111372,0,57,,{}
data/raw_muestra/F1_IA_y_Capacidades_Estrategicas/AI_Index_Stanford/recursos/Policy_Governance/pdfs/AIINDEX_policy-brief-adverse-event-reporting-for-ai.pdf,pdf,,,,PDF_OK,,18026,0,8,,{}
data/raw_muestra/F1_IA_y_Capacidades_Estrategicas/AI_Index_Stanford/recursos/Policy_Governance/pdfs/AIINDEX_policy-brief-ai-generated-propaganda.pdf,pdf,,,,PDF_OK,,14462,0,6,,{}
data/raw_muestra/F1_IA_y_Capacidades_Estrategicas/AI_Index_Stanford/recursos/Policy_Governance/pdfs/AIINDEX_policy-brief-labeling-ai-generated-content.pdf,pdf,,,,PDF_OK,,14357,0,6,,{}
data/raw_muestra/F1_IA_y_Capacidades_Estrategicas/AI_Index_Stanford/recursos/Policy_Governance/pdfs/AIINDEX_policy-brief-safeguarding-third-party-ai-research.pdf,pdf,,,,PDF_OK,,16763,0,7,,{}
data/raw_muestra/F1_IA_y_Capacidades_Estrategicas/AI_Index_Stanford/recursos/Policy_Governance/pdfs/AIINDEX_policy-brief-simulating-human-behavior-with-ai-agents.pdf,pdf,,,,PDF_OK,,16195,0,6,,{}
data/raw_muestra/F1_IA_y_Capacidades_Estrategicas/AI_Index_Stanford/recursos/Policy_Governance/pdfs/AIINDEX_policy-brief-what-makes-a-good-ai-benchmark.pdf,pdf,,,,PDF_OK,,15631,0,7,,{}
data/raw_muestra/F1_IA_y_Capacidades_Estrategicas/AI_Index_Stanford/recursos/Policy_Governance/pdfs/AIINDEX_stanford-hai-rfi-submission.pdf,pdf,,,,PDF_OK,,22283,0,7,,{}
data/raw_muestra/F1_IA_y_Capacidades_Estrategicas/CENIA/pdfs/CENIA_balance-2022-firmado-1.pdf,pdf,,,,PDF_OK,,3158,0,2,,{}
data/raw_muestra/F1_IA_y_Capacidades_Estrategicas/CENIA/pdfs/CENIA_balance-2024-cenia-firmado.pdf,pdf,,,,PDF_OK,,7638,0,4,,{}
data/raw_muestra/F1_IA_y_Capacidades_Estrategicas/CENIA/pdfs/CENIA_balance-cenia-2023-firmado-1.pdf,pdf,,,,PDF_OK,,5976,0,3,,{}
data/raw_muestra/F1_IA_y_Capacidades_Estrategicas/CENIA/pdfs/CENIA_convenio-eqy250001-cenia-eqy250001-30264-compressed.pdf,pdf,,,,PDF_OK,,53328,0,24,,{}
data/raw_muestra/F1_IA_y_Capacidades_Estrategicas/CENIA/pdfs/CENIA_dpj-500674644740-325343.pdf,pdf,,,,PDF_OK,,1665,0,1,,{}
data/raw_muestra/F1_IA_y_Capacidades_Estrategicas/CENIA/pdfs/CENIA_estados-resultados-cenia-historico-1-1.pdf,pdf,,,,PDF_OK,,1048,0,1,,{}
data/raw_muestra/F1_IA_y_Capacidades_Estrategicas/CENIA/pdfs/CENIA_memoria-anual-2024.pdf,pdf,,,,PDF_OK,,140366,0,66,,{}
data/raw_muestra/F1_IA_y_Capacidades_Estrategicas/CENIA/pdfs/CENIA_memoria-anual-cenia-2023.pdf,pdf,,,,PDF_OK,,128383,0,56,,{}
data/raw_muestra/F1_IA_y_Capacidades_Estrategicas/CENIA/pdfs/CENIA_memoria-cenia-2022.pdf,pdf,,,,PDF_OK,,94496,0,32,,{}
data/raw_muestra/F1_IA_y_Capacidades_Estrategicas/CENIA/pdfs/CENIA_paper-112.pdf,pdf,,,,PDF_OK,,19409,0,10,,{}
data/raw_muestra/F1_IA_y_Capacidades_Estrategicas/CENIA/pdfs/CENIA_resolucion-de-subsidio-innova-exenta-electronica-24cvi-26468.pdf,pdf,,,,PDF_OK,,69288,0,18,,{}
data/raw_muestra/F1_IA_y_Capacidades_Estrategicas/CENIA/pdfs/CENIA_resumen-anid.pdf,pdf,,,,PDF_OK,,7455,0,5,,{}
data/raw_muestra/F1_IA_y_Capacidades_Estrategicas/CSET_Georgetown/pdfs/Annual_Report/CSET_center-for-security-and-emerging-technology-2.pdf,pdf,,,,PDF_OK,,23677,0,16,,{}
data/raw_muestra/F1_IA_y_Capacidades_Estrategicas/CSET_Georgetown/pdfs/Annual_Report/CSET_center-for-security-and-emerging-technology-3.pdf,pdf,,,,PDF_OK,,31819,0,22,,{}
data/raw_muestra/F1_IA_y_Capacidades_Estrategicas/CSET_Georgetown/pdfs/Annual_Report/CSET_center-for-security-and-emerging-technology-4.pdf,pdf,,,,PDF_OK,,5364,0,2,,{}
data/raw_muestra/F1_IA_y_Capacidades_Estrategicas/CSET_Georgetown/pdfs/Annual_Report/CSET_center-for-security-and-emerging-technology.pdf,pdf,,,,PDF_OK,,23834,0,16,,{}
data/raw_muestra/F1_IA_y_Capacidades_Estrategicas/CSET_Georgetown/pdfs/Data_Brief/CSET_center-for-security-and-emerging-technology.pdf,pdf,,,,PDF_OK,,23356,0,14,,{}
data/raw_muestra/F1_IA_y_Capacidades_Estrategicas/CSET_Georgetown/pdfs/Data_Snapshot/CSET_center-for-security-and-emerging-technology-2.pdf,pdf,,,,PDF_OK,,22872,0,10,,{}
data/raw_muestra/F1_IA_y_Capacidades_Estrategicas/CSET_Georgetown/pdfs/Data_Snapshot/CSET_center-for-security-and-emerging-technology-3.pdf,pdf,,,,PDF_OK,,176766,0,77,,{}
data/raw_muestra/F1_IA_y_Capacidades_Estrategicas/CSET_Georgetown/pdfs/Data_Snapshot/CSET_center-for-security-and-emerging-technology-4.pdf,pdf,,,,PDF_OK,,491069,0,154,,{}
data/raw_muestra/F1_IA_y_Capacidades_Estrategicas/CSET_Georgetown/pdfs/Data_Snapshot/CSET_center-for-security-and-emerging-technology-5.pdf,pdf,,,,PDF_ESCANEADO,,0,0,1,,{}
data/raw_muestra/F1_IA_y_Capacidades_Estrategicas/CSET_Georgetown/pdfs/Data_Snapshot/CSET_center-for-security-and-emerging-technology.pdf,pdf,,,,PDF_OK,,15915,0,3,,{}
data/raw_muestra/F1_IA_y_Capacidades_Estrategicas/CSET_Georgetown/pdfs/Formal_Response/CSET_center-for-security-and-emerging-technology-2.pdf,pdf,,,,PDF_OK,,24825,0,9,,{}
data/raw_muestra/F1_IA_y_Capacidades_Estrategicas/CSET_Georgetown/pdfs/Formal_Response/CSET_center-for-security-and-emerging-technology-3.pdf,pdf,,,,PDF_OK,,259919,0,86,,{}
data/raw_muestra/F1_IA_y_Capacidades_Estrategicas/CSET_Georgetown/pdfs/Formal_Response/CSET_center-for-security-and-emerging-technology-4.pdf,pdf,,,,PDF_OK,,13848,0,38,,{}
data/raw_muestra/F1_IA_y_Capacidades_Estrategicas/CSET_Georgetown/pdfs/Formal_Response/CSET_center-for-security-and-emerging-technology-5.pdf,pdf,,,,PDF_OK,,76151,0,28,,{}
data/raw_muestra/F1_IA_y_Capacidades_Estrategicas/CSET_Georgetown/pdfs/Formal_Response/CSET_center-for-security-and-emerging-technology-6.pdf,pdf,,,,PDF_OK,,46610,0,18,,{}
data/raw_muestra/F1_IA_y_Capacidades_Estrategicas/CSET_Georgetown/pdfs/Formal_Response/CSET_center-for-security-and-emerging-technology.pdf,pdf,,,,PDF_OK,,19565,0,6,,{}
data/raw_muestra/F1_IA_y_Capacidades_Estrategicas/CSET_Georgetown/pdfs/Reports/CSET_center-for-security-and-emerging-technology-10.pdf,pdf,,,,PDF_OK,,71813,0,32,,{}
data/raw_muestra/F1_IA_y_Capacidades_Estrategicas/CSET_Georgetown/pdfs/Reports/CSET_center-for-security-and-emerging-technology-11.pdf,pdf,,,,PDF_OK,,83248,0,40,,{}
data/raw_muestra/F1_IA_y_Capacidades_Estrategicas/CSET_Georgetown/pdfs/Reports/CSET_center-for-security-and-emerging-technology-12.pdf,pdf,,,,PDF_OK,,72223,0,39,,{}
data/raw_muestra/F1_IA_y_Capacidades_Estrategicas/CSET_Georgetown/pdfs/Reports/CSET_center-for-security-and-emerging-technology-13.pdf,pdf,,,,PDF_OK,,2865,0,3,,{}
data/raw_muestra/F1_IA_y_Capacidades_Estrategicas/CSET_Georgetown/pdfs/Reports/CSET_center-for-security-and-emerging-technology-14.pdf,pdf,,,,PDF_OK,,45890,0,25,,{}
data/raw_muestra/F1_IA_y_Capacidades_Estrategicas/CSET_Georgetown/pdfs/Reports/CSET_center-for-security-and-emerging-technology-15.pdf,pdf,,,,PDF_OK,,80454,0,36,,{}
data/raw_muestra/F1_IA_y_Capacidades_Estrategicas/CSET_Georgetown/pdfs/Reports/CSET_center-for-security-and-emerging-technology-16.pdf,pdf,,,,PDF_OK,,2322,0,1,,{}
data/raw_muestra/F1_IA_y_Capacidades_Estrategicas/CSET_Georgetown/pdfs/Reports/CSET_center-for-security-and-emerging-technology-17.pdf,pdf,,,,PDF_OK,,123609,0,63,,{}
data/raw_muestra/F1_IA_y_Capacidades_Estrategicas/CSET_Georgetown/pdfs/Reports/CSET_center-for-security-and-emerging-technology-18.pdf,pdf,,,,PDF_OK,,96950,0,46,,{}
data/raw_muestra/F1_IA_y_Capacidades_Estrategicas/CSET_Georgetown/pdfs/Reports/CSET_center-for-security-and-emerging-technology-19.pdf,pdf,,,,PDF_OK,,23021,0,27,,{}
data/raw_muestra/F1_IA_y_Capacidades_Estrategicas/CSET_Georgetown/pdfs/Reports/CSET_center-for-security-and-emerging-technology-2.pdf,pdf,,,,PDF_OK,,15604,0,6,,{}
data/raw_muestra/F1_IA_y_Capacidades_Estrategicas/CSET_Georgetown/pdfs/Reports/CSET_center-for-security-and-emerging-technology-20.pdf,pdf,,,,PDF_OK,,159021,0,79,,{}
data/raw_muestra/F1_IA_y_Capacidades_Estrategicas/CSET_Georgetown/pdfs/Reports/CSET_center-for-security-and-emerging-technology-21.pdf,pdf,,,,PDF_OK,,4017,0,2,,{}
data/raw_muestra/F1_IA_y_Capacidades_Estrategicas/CSET_Georgetown/pdfs/Reports/CSET_center-for-security-and-emerging-technology-22.pdf,pdf,,,,PDF_OK,,122556,0,56,,{}
data/raw_muestra/F1_IA_y_Capacidades_Estrategicas/CSET_Georgetown/pdfs/Reports/CSET_center-for-security-and-emerging-technology-23.pdf,pdf,,,,PDF_OK,,5695,0,2,,{}
data/raw_muestra/F1_IA_y_Capacidades_Estrategicas/CSET_Georgetown/pdfs/Reports/CSET_center-for-security-and-emerging-technology-24.pdf,pdf,,,,PDF_OK,,71968,0,35,,{}
data/raw_muestra/F1_IA_y_Capacidades_Estrategicas/CSET_Georgetown/pdfs/Reports/CSET_center-for-security-and-emerging-technology-25.pdf,pdf,,,,PDF_OK,,4962,0,2,,{}
data/raw_muestra/F1_IA_y_Capacidades_Estrategicas/CSET_Georgetown/pdfs/Reports/CSET_center-for-security-and-emerging-technology-26.pdf,pdf,,,,PDF_OK,,782,0,2,,{}
data/raw_muestra/F1_IA_y_Capacidades_Estrategicas/CSET_Georgetown/pdfs/Reports/CSET_center-for-security-and-emerging-technology-27.pdf,pdf,,,,PDF_OK,,45002,0,24,,{}
data/raw_muestra/F1_IA_y_Capacidades_Estrategicas/CSET_Georgetown/pdfs/Reports/CSET_center-for-security-and-emerging-technology-28.pdf,pdf,,,,PDF_OK,,54338,0,26,,{}
data/raw_muestra/F1_IA_y_Capacidades_Estrategicas/CSET_Georgetown/pdfs/Reports/CSET_center-for-security-and-emerging-technology-29.pdf,pdf,,,,PDF_OK,,61039,0,29,,{}
data/raw_muestra/F1_IA_y_Capacidades_Estrategicas/CSET_Georgetown/pdfs/Reports/CSET_center-for-security-and-emerging-technology-3.pdf,pdf,,,,PDF_OK,,55750,0,30,,{}
data/raw_muestra/F1_IA_y_Capacidades_Estrategicas/CSET_Georgetown/pdfs/Reports/CSET_center-for-security-and-emerging-technology-30.pdf,pdf,,,,PDF_OK,,4468,0,2,,{}
data/raw_muestra/F1_IA_y_Capacidades_Estrategicas/CSET_Georgetown/pdfs/Reports/CSET_center-for-security-and-emerging-technology-31.pdf,pdf,,,,PDF_OK,,31067,0,16,,{}
data/raw_muestra/F1_IA_y_Capacidades_Estrategicas/CSET_Georgetown/pdfs/Reports/CSET_center-for-security-and-emerging-technology-32.pdf,pdf,,,,PDF_OK,,26129,0,12,,{}
data/raw_muestra/F1_IA_y_Capacidades_Estrategicas/CSET_Georgetown/pdfs/Reports/CSET_center-for-security-and-emerging-technology-33.pdf,pdf,,,,PDF_OK,,115899,0,49,,{}
data/raw_muestra/F1_IA_y_Capacidades_Estrategicas/CSET_Georgetown/pdfs/Reports/CSET_center-for-security-and-emerging-technology-34.pdf,pdf,,,,PDF_OK,,66286,0,22,,{}
data/raw_muestra/F1_IA_y_Capacidades_Estrategicas/CSET_Georgetown/pdfs/Reports/CSET_center-for-security-and-emerging-technology-35.pdf,pdf,,,,PDF_OK,,8324,0,4,,{}
data/raw_muestra/F1_IA_y_Capacidades_Estrategicas/CSET_Georgetown/pdfs/Reports/CSET_center-for-security-and-emerging-technology-36.pdf,pdf,,,,PDF_OK,,66325,0,29,,{}
data/raw_muestra/F1_IA_y_Capacidades_Estrategicas/CSET_Georgetown/pdfs/Reports/CSET_center-for-security-and-emerging-technology-37.pdf,pdf,,,,PDF_OK,,2261,0,1,,{}
data/raw_muestra/F1_IA_y_Capacidades_Estrategicas/CSET_Georgetown/pdfs/Reports/CSET_center-for-security-and-emerging-technology-38.pdf,pdf,,,,PDF_OK,,49987,0,26,,{}
data/raw_muestra/F1_IA_y_Capacidades_Estrategicas/CSET_Georgetown/pdfs/Reports/CSET_center-for-security-and-emerging-technology-39.pdf,pdf,,,,PDF_OK,,1728,0,1,,{}
data/raw_muestra/F1_IA_y_Capacidades_Estrategicas/CSET_Georgetown/pdfs/Reports/CSET_center-for-security-and-emerging-technology-4.pdf,pdf,,,,PDF_OK,,152644,0,63,,{}
data/raw_muestra/F1_IA_y_Capacidades_Estrategicas/CSET_Georgetown/pdfs/Reports/CSET_center-for-security-and-emerging-technology-40.pdf,pdf,,,,PDF_OK,,112329,0,56,,{}
data/raw_muestra/F1_IA_y_Capacidades_Estrategicas/CSET_Georgetown/pdfs/Reports/CSET_center-for-security-and-emerging-technology-41.pdf,pdf,,,,PDF_OK,,2732,0,2,,{}
data/raw_muestra/F1_IA_y_Capacidades_Estrategicas/CSET_Georgetown/pdfs/Reports/CSET_center-for-security-and-emerging-technology-42.pdf,pdf,,,,PDF_OK,,24279,0,17,,{}
data/raw_muestra/F1_IA_y_Capacidades_Estrategicas/CSET_Georgetown/pdfs/Reports/CSET_center-for-security-and-emerging-technology-43.pdf,pdf,,,,PDF_OK,,33150,0,15,,{}
data/raw_muestra/F1_IA_y_Capacidades_Estrategicas/CSET_Georgetown/pdfs/Reports/CSET_center-for-security-and-emerging-technology-44.pdf,pdf,,,,PDF_OK,,75800,0,13,,{}
data/raw_muestra/F1_IA_y_Capacidades_Estrategicas/CSET_Georgetown/pdfs/Reports/CSET_center-for-security-and-emerging-technology-45.pdf,pdf,,,,PDF_OK,,55029,0,30,,{}
data/raw_muestra/F1_IA_y_Capacidades_Estrategicas/CSET_Georgetown/pdfs/Reports/CSET_center-for-security-and-emerging-technology-46.pdf,pdf,,,,PDF_OK,,1664,0,1,,{}
data/raw_muestra/F1_IA_y_Capacidades_Estrategicas/CSET_Georgetown/pdfs/Reports/CSET_center-for-security-and-emerging-technology-47.pdf,pdf,,,,PDF_OK,,139797,0,52,,{}
data/raw_muestra/F1_IA_y_Capacidades_Estrategicas/CSET_Georgetown/pdfs/Reports/CSET_center-for-security-and-emerging-technology-48.pdf,pdf,,,,PDF_OK,,3081,0,1,,{}
data/raw_muestra/F1_IA_y_Capacidades_Estrategicas/CSET_Georgetown/pdfs/Reports/CSET_center-for-security-and-emerging-technology-49.pdf,pdf,,,,PDF_OK,,27518,0,10,,{}
data/raw_muestra/F1_IA_y_Capacidades_Estrategicas/CSET_Georgetown/pdfs/Reports/CSET_center-for-security-and-emerging-technology-5.pdf,pdf,,,,PDF_OK,,464400,0,189,,{}
data/raw_muestra/F1_IA_y_Capacidades_Estrategicas/CSET_Georgetown/pdfs/Reports/CSET_center-for-security-and-emerging-technology-50.pdf,pdf,,,,PDF_OK,,217338,0,79,,{}
data/raw_muestra/F1_IA_y_Capacidades_Estrategicas/CSET_Georgetown/pdfs/Reports/CSET_center-for-security-and-emerging-technology-51.pdf,pdf,,,,PDF_OK,,66080,0,34,,{}
data/raw_muestra/F1_IA_y_Capacidades_Estrategicas/CSET_Georgetown/pdfs/Reports/CSET_center-for-security-and-emerging-technology-52.pdf,pdf,,,,PDF_OK,,2364,0,1,,{}
data/raw_muestra/F1_IA_y_Capacidades_Estrategicas/CSET_Georgetown/pdfs/Reports/CSET_center-for-security-and-emerging-technology-53.pdf,pdf,,,,PDF_OK,,69242,0,36,,{}
data/raw_muestra/F1_IA_y_Capacidades_Estrategicas/CSET_Georgetown/pdfs/Reports/CSET_center-for-security-and-emerging-technology-54.pdf,pdf,,,,PDF_OK,,3676,0,2,,{}
data/raw_muestra/F1_IA_y_Capacidades_Estrategicas/CSET_Georgetown/pdfs/Reports/CSET_center-for-security-and-emerging-technology-55.pdf,pdf,,,,PDF_OK,,15104,0,9,,{}
data/raw_muestra/F1_IA_y_Capacidades_Estrategicas/CSET_Georgetown/pdfs/Reports/CSET_center-for-security-and-emerging-technology-56.pdf,pdf,,,,PDF_OK,,101779,0,34,,{}
data/raw_muestra/F1_IA_y_Capacidades_Estrategicas/CSET_Georgetown/pdfs/Reports/CSET_center-for-security-and-emerging-technology-57.pdf,pdf,,,,PDF_OK,,162618,0,103,,{}
data/raw_muestra/F1_IA_y_Capacidades_Estrategicas/CSET_Georgetown/pdfs/Reports/CSET_center-for-security-and-emerging-technology-58.pdf,pdf,,,,PDF_OK,,17050,0,12,,{}
data/raw_muestra/F1_IA_y_Capacidades_Estrategicas/CSET_Georgetown/pdfs/Reports/CSET_center-for-security-and-emerging-technology-59.pdf,pdf,,,,PDF_OK,,15845,0,12,,{}
data/raw_muestra/F1_IA_y_Capacidades_Estrategicas/CSET_Georgetown/pdfs/Reports/CSET_center-for-security-and-emerging-technology-6.pdf,pdf,,,,PDF_OK,,55863,0,20,,{}
data/raw_muestra/F1_IA_y_Capacidades_Estrategicas/CSET_Georgetown/pdfs/Reports/CSET_center-for-security-and-emerging-technology-60.pdf,pdf,,,,PDF_OK,,17798,0,13,,{}
data/raw_muestra/F1_IA_y_Capacidades_Estrategicas/CSET_Georgetown/pdfs/Reports/CSET_center-for-security-and-emerging-technology-61.pdf,pdf,,,,PDF_OK,,26525,0,15,,{}
data/raw_muestra/F1_IA_y_Capacidades_Estrategicas/CSET_Georgetown/pdfs/Reports/CSET_center-for-security-and-emerging-technology-7.pdf,pdf,,,,PDF_OK,,99262,0,42,,{}
data/raw_muestra/F1_IA_y_Capacidades_Estrategicas/CSET_Georgetown/pdfs/Reports/CSET_center-for-security-and-emerging-technology-8.pdf,pdf,,,,PDF_OK,,5527,0,3,,{}
data/raw_muestra/F1_IA_y_Capacidades_Estrategicas/CSET_Georgetown/pdfs/Reports/CSET_center-for-security-and-emerging-technology-9.pdf,pdf,,,,PDF_OK,,94704,0,44,,{}
data/raw_muestra/F1_IA_y_Capacidades_Estrategicas/CSET_Georgetown/pdfs/Reports/CSET_center-for-security-and-emerging-technology.pdf,pdf,,,,PDF_OK,,128623,0,73,,{}
data/raw_muestra/F1_IA_y_Capacidades_Estrategicas/CSET_Georgetown/pdfs/Testimony/CSET_center-for-security-and-emerging-technology-2.pdf,pdf,,,,PDF_OK,,35282,0,14,,{}
data/raw_muestra/F1_IA_y_Capacidades_Estrategicas/CSET_Georgetown/pdfs/Testimony/CSET_center-for-security-and-emerging-technology-3.pdf,pdf,,,,PDF_OK,,7339,0,3,,{}
data/raw_muestra/F1_IA_y_Capacidades_Estrategicas/CSET_Georgetown/pdfs/Testimony/CSET_center-for-security-and-emerging-technology-4.pdf,pdf,,,,PDF_OK,,19440,0,8,,{}
data/raw_muestra/F1_IA_y_Capacidades_Estrategicas/CSET_Georgetown/pdfs/Testimony/CSET_center-for-security-and-emerging-technology.pdf,pdf,,,,PDF_OK,,6738,0,3,,{}
data/raw_muestra/F1_IA_y_Capacidades_Estrategicas/CSET_Georgetown/pdfs/Translation/CSET_center-for-security-and-emerging-technology-10.pdf,pdf,,,,PDF_OK,,43883,0,17,,{}
data/raw_muestra/F1_IA_y_Capacidades_Estrategicas/CSET_Georgetown/pdfs/Translation/CSET_center-for-security-and-emerging-technology-11.pdf,pdf,,,,PDF_OK,,25604,0,9,,{}
data/raw_muestra/F1_IA_y_Capacidades_Estrategicas/CSET_Georgetown/pdfs/Translation/CSET_center-for-security-and-emerging-technology-12.pdf,pdf,,,,PDF_OK,,75931,0,28,,{}
data/raw_muestra/F1_IA_y_Capacidades_Estrategicas/CSET_Georgetown/pdfs/Translation/CSET_center-for-security-and-emerging-technology-13.pdf,pdf,,,,PDF_OK,,132095,0,44,,{}
data/raw_muestra/F1_IA_y_Capacidades_Estrategicas/CSET_Georgetown/pdfs/Translation/CSET_center-for-security-and-emerging-technology-14.pdf,pdf,,,,PDF_OK,,28227,0,13,,{}
data/raw_muestra/F1_IA_y_Capacidades_Estrategicas/CSET_Georgetown/pdfs/Translation/CSET_center-for-security-and-emerging-technology-15.pdf,pdf,,,,PDF_OK,,8078,0,4,,{}
data/raw_muestra/F1_IA_y_Capacidades_Estrategicas/CSET_Georgetown/pdfs/Translation/CSET_center-for-security-and-emerging-technology-16.pdf,pdf,,,,PDF_OK,,46643,0,26,,{}
data/raw_muestra/F1_IA_y_Capacidades_Estrategicas/CSET_Georgetown/pdfs/Translation/CSET_center-for-security-and-emerging-technology-17.pdf,pdf,,,,PDF_OK,,23045,0,9,,{}
data/raw_muestra/F1_IA_y_Capacidades_Estrategicas/CSET_Georgetown/pdfs/Translation/CSET_center-for-security-and-emerging-technology-18.pdf,pdf,,,,PDF_OK,,50392,0,19,,{}
data/raw_muestra/F1_IA_y_Capacidades_Estrategicas/CSET_Georgetown/pdfs/Translation/CSET_center-for-security-and-emerging-technology-19.pdf,pdf,,,,PDF_OK,,34284,0,21,,{}
data/raw_muestra/F1_IA_y_Capacidades_Estrategicas/CSET_Georgetown/pdfs/Translation/CSET_center-for-security-and-emerging-technology-2.pdf,pdf,,,,PDF_OK,,30565,0,11,,{}
data/raw_muestra/F1_IA_y_Capacidades_Estrategicas/CSET_Georgetown/pdfs/Translation/CSET_center-for-security-and-emerging-technology-20.pdf,pdf,,,,PDF_OK,,69236,0,23,,{}
data/raw_muestra/F1_IA_y_Capacidades_Estrategicas/CSET_Georgetown/pdfs/Translation/CSET_center-for-security-and-emerging-technology-21.pdf,pdf,,,,PDF_OK,,20908,0,12,,{}
data/raw_muestra/F1_IA_y_Capacidades_Estrategicas/CSET_Georgetown/pdfs/Translation/CSET_center-for-security-and-emerging-technology-22.pdf,pdf,,,,PDF_OK,,68694,0,28,,{}
data/raw_muestra/F1_IA_y_Capacidades_Estrategicas/CSET_Georgetown/pdfs/Translation/CSET_center-for-security-and-emerging-technology-23.pdf,pdf,,,,PDF_OK,,227194,0,123,,{}
data/raw_muestra/F1_IA_y_Capacidades_Estrategicas/CSET_Georgetown/pdfs/Translation/CSET_center-for-security-and-emerging-technology-24.pdf,pdf,,,,PDF_OK,,54942,0,24,,{}
data/raw_muestra/F1_IA_y_Capacidades_Estrategicas/CSET_Georgetown/pdfs/Translation/CSET_center-for-security-and-emerging-technology-25.pdf,pdf,,,,PDF_OK,,18351,0,8,,{}
data/raw_muestra/F1_IA_y_Capacidades_Estrategicas/CSET_Georgetown/pdfs/Translation/CSET_center-for-security-and-emerging-technology-26.pdf,pdf,,,,PDF_OK,,28921,0,11,,{}
data/raw_muestra/F1_IA_y_Capacidades_Estrategicas/CSET_Georgetown/pdfs/Translation/CSET_center-for-security-and-emerging-technology-27.pdf,pdf,,,,PDF_OK,,10878,0,6,,{}
data/raw_muestra/F1_IA_y_Capacidades_Estrategicas/CSET_Georgetown/pdfs/Translation/CSET_center-for-security-and-emerging-technology-28.pdf,pdf,,,,PDF_OK,,32682,0,13,,{}
data/raw_muestra/F1_IA_y_Capacidades_Estrategicas/CSET_Georgetown/pdfs/Translation/CSET_center-for-security-and-emerging-technology-29.pdf,pdf,,,,PDF_OK,,43682,0,17,,{}
data/raw_muestra/F1_IA_y_Capacidades_Estrategicas/CSET_Georgetown/pdfs/Translation/CSET_center-for-security-and-emerging-technology-3.pdf,pdf,,,,PDF_OK,,14147,0,7,,{}
data/raw_muestra/F1_IA_y_Capacidades_Estrategicas/CSET_Georgetown/pdfs/Translation/CSET_center-for-security-and-emerging-technology-30.pdf,pdf,,,,PDF_OK,,24864,0,10,,{}
data/raw_muestra/F1_IA_y_Capacidades_Estrategicas/CSET_Georgetown/pdfs/Translation/CSET_center-for-security-and-emerging-technology-31.pdf,pdf,,,,PDF_OK,,15696,0,6,,{}
data/raw_muestra/F1_IA_y_Capacidades_Estrategicas/CSET_Georgetown/pdfs/Translation/CSET_center-for-security-and-emerging-technology-32.pdf,pdf,,,,PDF_OK,,80750,0,54,,{}
data/raw_muestra/F1_IA_y_Capacidades_Estrategicas/CSET_Georgetown/pdfs/Translation/CSET_center-for-security-and-emerging-technology-33.pdf,pdf,,,,PDF_OK,,54603,0,19,,{}
data/raw_muestra/F1_IA_y_Capacidades_Estrategicas/CSET_Georgetown/pdfs/Translation/CSET_center-for-security-and-emerging-technology-34.pdf,pdf,,,,PDF_OK,,53765,0,26,,{}
data/raw_muestra/F1_IA_y_Capacidades_Estrategicas/CSET_Georgetown/pdfs/Translation/CSET_center-for-security-and-emerging-technology-35.pdf,pdf,,,,PDF_OK,,64295,0,25,,{}
data/raw_muestra/F1_IA_y_Capacidades_Estrategicas/CSET_Georgetown/pdfs/Translation/CSET_center-for-security-and-emerging-technology-36.pdf,pdf,,,,PDF_OK,,48675,0,23,,{}
data/raw_muestra/F1_IA_y_Capacidades_Estrategicas/CSET_Georgetown/pdfs/Translation/CSET_center-for-security-and-emerging-technology-37.pdf,pdf,,,,PDF_OK,,27150,0,10,,{}
data/raw_muestra/F1_IA_y_Capacidades_Estrategicas/CSET_Georgetown/pdfs/Translation/CSET_center-for-security-and-emerging-technology-38.pdf,pdf,,,,PDF_OK,,53672,0,18,,{}
data/raw_muestra/F1_IA_y_Capacidades_Estrategicas/CSET_Georgetown/pdfs/Translation/CSET_center-for-security-and-emerging-technology-39.pdf,pdf,,,,PDF_OK,,7383,0,3,,{}
data/raw_muestra/F1_IA_y_Capacidades_Estrategicas/CSET_Georgetown/pdfs/Translation/CSET_center-for-security-and-emerging-technology-4.pdf,pdf,,,,PDF_OK,,84823,0,44,,{}
data/raw_muestra/F1_IA_y_Capacidades_Estrategicas/CSET_Georgetown/pdfs/Translation/CSET_center-for-security-and-emerging-technology-40.pdf,pdf,,,,PDF_OK,,53159,0,21,,{}
data/raw_muestra/F1_IA_y_Capacidades_Estrategicas/CSET_Georgetown/pdfs/Translation/CSET_center-for-security-and-emerging-technology-41.pdf,pdf,,,,PDF_OK,,36269,0,16,,{}
data/raw_muestra/F1_IA_y_Capacidades_Estrategicas/CSET_Georgetown/pdfs/Translation/CSET_center-for-security-and-emerging-technology-42.pdf,pdf,,,,PDF_OK,,22550,0,9,,{}
data/raw_muestra/F1_IA_y_Capacidades_Estrategicas/CSET_Georgetown/pdfs/Translation/CSET_center-for-security-and-emerging-technology-43.pdf,pdf,,,,PDF_OK,,14086,0,7,,{}
data/raw_muestra/F1_IA_y_Capacidades_Estrategicas/CSET_Georgetown/pdfs/Translation/CSET_center-for-security-and-emerging-technology-44.pdf,pdf,,,,PDF_OK,,16968,0,7,,{}
data/raw_muestra/F1_IA_y_Capacidades_Estrategicas/CSET_Georgetown/pdfs/Translation/CSET_center-for-security-and-emerging-technology-45.pdf,pdf,,,,PDF_OK,,23249,0,10,,{}
data/raw_muestra/F1_IA_y_Capacidades_Estrategicas/CSET_Georgetown/pdfs/Translation/CSET_center-for-security-and-emerging-technology-46.pdf,pdf,,,,PDF_OK,,35906,0,16,,{}
data/raw_muestra/F1_IA_y_Capacidades_Estrategicas/CSET_Georgetown/pdfs/Translation/CSET_center-for-security-and-emerging-technology-5.pdf,pdf,,,,PDF_OK,,27434,0,12,,{}
data/raw_muestra/F1_IA_y_Capacidades_Estrategicas/CSET_Georgetown/pdfs/Translation/CSET_center-for-security-and-emerging-technology-6.pdf,pdf,,,,PDF_OK,,41134,0,15,,{}
data/raw_muestra/F1_IA_y_Capacidades_Estrategicas/CSET_Georgetown/pdfs/Translation/CSET_center-for-security-and-emerging-technology-7.pdf,pdf,,,,PDF_OK,,16761,0,7,,{}
data/raw_muestra/F1_IA_y_Capacidades_Estrategicas/CSET_Georgetown/pdfs/Translation/CSET_center-for-security-and-emerging-technology-8.pdf,pdf,,,,PDF_OK,,20470,0,8,,{}
data/raw_muestra/F1_IA_y_Capacidades_Estrategicas/CSET_Georgetown/pdfs/Translation/CSET_center-for-security-and-emerging-technology-9.pdf,pdf,,,,PDF_OK,,53606,0,21,,{}
data/raw_muestra/F1_IA_y_Capacidades_Estrategicas/CSET_Georgetown/pdfs/Translation/CSET_center-for-security-and-emerging-technology.pdf,pdf,,,,PDF_OK,,24521,0,9,,{}
data/raw_muestra/F1_IA_y_Capacidades_Estrategicas/DAIO/daio_pdfs/pdfs/DAIO_beware-the-hype.pdf,pdf,,,,PDF_OK,,204572,0,76,,{}
data/raw_muestra/F1_IA_y_Capacidades_Estrategicas/DAIO/daio_pdfs/pdfs/DAIO_study2202-2.pdf,pdf,,,,PDF_OK,,91014,0,50,,{}
data/raw_muestra/F1_IA_y_Capacidades_Estrategicas/DAIO/daio_pdfs/pdfs/DAIO_study2203-2.pdf,pdf,,,,PDF_OK,,60979,0,34,,{}
data/raw_muestra/F1_IA_y_Capacidades_Estrategicas/DAIO/daio_pdfs/pdfs/DAIO_study2204-2.pdf,pdf,,,,PDF_OK,,73298,0,42,,{}
data/raw_muestra/F1_IA_y_Capacidades_Estrategicas/DAIO/daio_pdfs/pdfs/DAIO_study2205-2.pdf,pdf,,,,PDF_OK,,78511,0,42,,{}
data/raw_muestra/F1_IA_y_Capacidades_Estrategicas/DAIO/daio_pdfs/pdfs/DAIO_study2206-2.pdf,pdf,,,,PDF_OK,,65533,0,36,,{}
data/raw_muestra/F1_IA_y_Capacidades_Estrategicas/DAIO/daio_pdfs/pdfs/DAIO_study2307-2.pdf,pdf,,,,PDF_OK,,116242,0,52,,{}
data/raw_muestra/F1_IA_y_Capacidades_Estrategicas/DAIO/daio_pdfs/pdfs/DAIO_study2308-2.pdf,pdf,,,,PDF_OK,,77842,0,42,,{}
data/raw_muestra/F1_IA_y_Capacidades_Estrategicas/DAIO/daio_pdfs/pdfs/DAIO_study2309-2.pdf,pdf,,,,PDF_OK,,124750,0,60,,{}
data/raw_muestra/F1_IA_y_Capacidades_Estrategicas/DAIO/daio_pdfs/pdfs/DAIO_study2310-2.pdf,pdf,,,,PDF_OK,,70835,0,36,,{}
data/raw_muestra/F1_IA_y_Capacidades_Estrategicas/DAIO/daio_pdfs/pdfs/DAIO_study2311-2.pdf,pdf,,,,PDF_OK,,117008,0,52,,{}
data/raw_muestra/F1_IA_y_Capacidades_Estrategicas/DAIO/daio_pdfs/pdfs/DAIO_study2312-master-and-servant-borchert-schuetz-verbovszky.pdf,pdf,,,,PDF_OK,,129305,0,58,,{}
data/raw_muestra/F1_IA_y_Capacidades_Estrategicas/DAIO/daio_pdfs/pdfs/DAIO_study2313-overtaking-on-the-curve-john-lee.pdf,pdf,,,,PDF_OK,,119774,0,52,,{}
data/raw_muestra/F1_IA_y_Capacidades_Estrategicas/DAIO/daio_pdfs/pdfs/DAIO_study2314-a-fertile-soil-for-ai-alastair-finlan.pdf,pdf,,,,PDF_OK,,70190,0,42,,{}
data/raw_muestra/F1_IA_y_Capacidades_Estrategicas/DAIO/daio_pdfs/pdfs/DAIO_study2315-embracing-the-organized-mess-dolinko-antebi.pdf,pdf,,,,PDF_OK,,83552,0,44,,{}
data/raw_muestra/F1_IA_y_Capacidades_Estrategicas/DAIO/daio_pdfs/pdfs/DAIO_study2316-cautious-data-driven-evolution-sami-jaervinen.pdf,pdf,,,,PDF_OK,,115403,0,58,,{}
data/raw_muestra/F1_IA_y_Capacidades_Estrategicas/DAIO/daio_pdfs/pdfs/DAIO_study2317-a-winding-road-before-scaling-up-kevin-martin-lucie-liversain.pdf,pdf,,,,PDF_OK,,98916,0,52,,{}
data/raw_muestra/F1_IA_y_Capacidades_Estrategicas/DAIO/daio_pdfs/pdfs/DAIO_study2318-servers-before-tanks-andreas-graae.pdf,pdf,,,,PDF_OK,,88866,0,50,,{}
data/raw_muestra/F1_IA_y_Capacidades_Estrategicas/DAIO/daio_pdfs/pdfs/DAIO_study2319-harnessing-the-potential-karampekios-sakalis-oikonomou.pdf,pdf,,,,PDF_OK,,101610,0,50,,{}
data/raw_muestra/F1_IA_y_Capacidades_Estrategicas/DAIO/daio_pdfs/pdfs/DAIO_study2421-will-the-one-ring-hold-youngwook-park.pdf,pdf,,,,PDF_OK,,85425,0,44,,{}
data/raw_muestra/F1_IA_y_Capacidades_Estrategicas/DAIO/daio_pdfs/pdfs/DAIO_study2422-survival-of-the-smartest-vitaliy-goncharuk.pdf,pdf,,,,PDF_OK,,79840,0,44,,{}
data/raw_muestra/F1_IA_y_Capacidades_Estrategicas/DAIO/daio_pdfs/pdfs/DAIO_study2423-overcoming-the-long-shadow-of-the-past-motohiro-tsuchiya.pdf,pdf,,,,PDF_OK,,70897,0,40,,{}
data/raw_muestra/F1_IA_y_Capacidades_Estrategicas/DAIO/daio_pdfs/pdfs/DAIO_study2424-intelligent-national-defense-amid-strategic-ambiguity-kitsch-liao.pdf,pdf,,,,PDF_OK,,90448,0,48,,{}
data/raw_muestra/F1_IA_y_Capacidades_Estrategicas/DAIO/daio_pdfs/pdfs/DAIO_study2425-heavy-thunder-no-rain-mahmoud-javadi.pdf,pdf,,,,PDF_OK,,114867,0,52,,{}
data/raw_muestra/F1_IA_y_Capacidades_Estrategicas/DAIO/daio_pdfs/pdfs/DAIO_study2426-his-hands-cant-hit-what-his-eyes-cant-see-borchert-brandlhuber.pdf,pdf,,,,PDF_OK,,74667,0,42,,{}
data/raw_muestra/F1_IA_y_Capacidades_Estrategicas/DAIO/daio_pdfs/pdfs/DAIO_study2527-thinking-before-sinking-borchert-brandlhuber-dzaack.pdf,pdf,,,,PDF_OK,,65411,0,40,,{}
data/raw_muestra/F1_IA_y_Capacidades_Estrategicas/DAIO/daio_pdfs/pdfs/DAIO_study2528-an-underdeveloped-strategic-necessity-umaima-ali.pdf,pdf,,,,PDF_OK,,114360,0,52,,{}
data/raw_muestra/F1_IA_y_Capacidades_Estrategicas/DAIO/daio_pdfs/pdfs/DAIO_study2529-guarding-the-alliances-eastern-frontiers-lipka-wernik-dziegiel.pdf,pdf,,,,PDF_OK,,166207,0,68,,{}
data/raw_muestra/F1_IA_y_Capacidades_Estrategicas/DAIO/daio_pdfs/pdfs/DAIO_study2530-bonds-that-separate-heiko-borchert.pdf,pdf,,,,PDF_OK,,237698,0,88,,{}
data/raw_muestra/F1_IA_y_Capacidades_Estrategicas/DAIO/daio_pdfs/pdfs/DAIO_study2531-a-careful-walk-on-thin-ice-emanuel-ario-bimo-bagus-jatmiko.pdf,pdf,,,,PDF_OK,,150494,0,60,,{}
data/raw_muestra/F1_IA_y_Capacidades_Estrategicas/DAIO/daio_pdfs/pdfs/DAIO_study2632-from-laggard-to-potential-regional-innovator-raluca-csernatoni.pdf,pdf,,,,PDF_OK,,121857,0,54,,{}
data/raw_muestra/F1_IA_y_Capacidades_Estrategicas/DAIO/daio_pdfs/pdfs/DAIO_study2633-controlled-adaptation-and-integration-daniel-fiott.pdf,pdf,,,,PDF_OK,,113204,0,52,,{}
data/raw_muestra/F1_IA_y_Capacidades_Estrategicas/DAIO/daio_pdfs/pdfs/DAIO_study2634-fragmented-efforts-joao-paulo-moralez-santiago-rivas.pdf,pdf,,,,PDF_OK,,81841,0,42,,{}
data/raw_muestra/F1_IA_y_Capacidades_Estrategicas/ILIA_Latam/pdfs/ILIA_2023/ILIA_2023.pdf,pdf,,,,PDF_OK,,374325,0,162,,{}
data/raw_muestra/F1_IA_y_Capacidades_Estrategicas/ILIA_Latam/pdfs/ILIA_2023/ILIA_esp-compressed.pdf,pdf,,,,PDF_OK,,373156,0,163,,{}
data/raw_muestra/F1_IA_y_Capacidades_Estrategicas/ILIA_Latam/pdfs/ILIA_2024/ILIA_2024-020125-compressed.pdf,pdf,,,,PDF_OK,,821502,0,244,,{}
data/raw_muestra/F1_IA_y_Capacidades_Estrategicas/ILIA_Latam/pdfs/ILIA_2024/ILIA_2024.pdf,pdf,,,,PDF_OK,,563900,0,166,,{}
data/raw_muestra/F1_IA_y_Capacidades_Estrategicas/ILIA_Latam/pdfs/ILIA_2025/ILIA_2025-executive-summary.pdf,pdf,,,,PDF_OK,,26139,0,16,,{}
data/raw_muestra/F1_IA_y_Capacidades_Estrategicas/ILIA_Latam/pdfs/ILIA_2025/ILIA_2025.-fichas-de-pais-y-aspectos-metodologicos.pdf,pdf,,,,PDF_OK,,599522,0,238,,{}
data/raw_muestra/F1_IA_y_Capacidades_Estrategicas/ILIA_Latam/pdfs/ILIA_2025/ILIA_2025.-hallazgos-principales-ia-aplicada-y-talento-humano-compressed.pdf,pdf,,,,PDF_OK,,345972,0,184,,{}
data/raw_muestra/F1_IA_y_Capacidades_Estrategicas/ILIA_Latam/pdfs/ILIA_2025/ILIA_2025.-key-findings-applied-artificial-intelligence-and-human-talent-compressed.pdf,pdf,,,,PDF_OK,,319414,0,184,,{}
data/raw_muestra/F1_IA_y_Capacidades_Estrategicas/ILIA_Latam/pdfs/ILIA_2025/ILIA_docuemnto-ilia-web.pdf,pdf,,,,PDF_OK,,616113,0,194,,{}
data/raw_muestra/F1_IA_y_Capacidades_Estrategicas/ILIA_Latam/pdfs/ILIA_2025/ILIA_documento-ilia-2025.pdf,pdf,,,,PDF_OK,,616303,0,194,,{}
data/raw_muestra/F1_IA_y_Capacidades_Estrategicas/RutaN_GEIAL/pdfs/Observatorio/RUTAN_informe-geial-latam.pdf,pdf,,,,PDF_OK,,166359,0,104,,{}
data/raw_muestra/F1_IA_y_Capacidades_Estrategicas/RutaN_GEIAL/pdfs/Observatorio/RUTAN_informe-geial-medellin.pdf,pdf,,,,PDF_OK,,68187,0,45,,{}
data/raw_muestra/F1_IA_y_Capacidades_Estrategicas/RutaN_GEIAL/pdfs/Observatorio/RUTAN_resultados-encuesta-innovacion.pdf,pdf,,,,PDF_OK,,23088,0,43,,{}
data/raw_muestra/F1_IA_y_Capacidades_Estrategicas/RutaN_GEIAL/pdfs/Observatorio/RUTAN_s2200488-es.pdf,pdf,,,,PDF_OK,,196924,0,63,,{}
data/raw_muestra/F1_IA_y_Capacidades_Estrategicas/RutaN_GEIAL/pdfs/Observatorio/RUTAN_socializacion-geial-medellin.pdf,pdf,,,,PDF_OK,,2468,0,14,,{}
data/raw_muestra/F2_Seguridad_Entorno_Espacial/CSIS_Aerospace/pdfs_full/Otros/CSIS_0103space.pdf,pdf,,,,PDF_OK,,30295,0,8,,{}
data/raw_muestra/F2_Seguridad_Entorno_Espacial/CSIS_Aerospace/pdfs_full/Otros/CSIS_032321-harrisonjohnsonyoung-defenseagainstdarkartsinspace-report-update-compressed.pdf,pdf,,,,PDF_OK,,192614,0,53,,{}
data/raw_muestra/F2_Seguridad_Entorno_Espacial/CSIS_Aerospace/pdfs_full/Otros/CSIS_05172018-babin-opening-leo.pdf,pdf,,,,PDF_OK,,3693,0,2,,{}
data/raw_muestra/F2_Seguridad_Entorno_Espacial/CSIS_Aerospace/pdfs_full/Otros/CSIS_130223-mv-spacenuclearanalysis.pdf,pdf,,,,PDF_OK,,53481,0,15,,{}
data/raw_muestra/F2_Seguridad_Entorno_Espacial/CSIS_Aerospace/pdfs_full/Otros/CSIS_181017-usmissiledefense.pdf,pdf,,,,PDF_OK,,13925,0,5,,{}
data/raw_muestra/F2_Seguridad_Entorno_Espacial/CSIS_Aerospace/pdfs_full/Otros/CSIS_181018-roberts-24satellitesmissiledefense.pdf,pdf,,,,PDF_OK,,17138,0,5,,{}
data/raw_muestra/F2_Seguridad_Entorno_Espacial/CSIS_Aerospace/pdfs_full/Otros/CSIS_181119-harrison-spaceforce-layout-final.pdf,pdf,,,,PDF_OK,,39483,0,16,,{}
data/raw_muestra/F2_Seguridad_Entorno_Espacial/CSIS_Aerospace/pdfs_full/Otros/CSIS_190313-spaceportsoftheworld.pdf,pdf,,,,PDF_OK,,167834,0,84,,{}
data/raw_muestra/F2_Seguridad_Entorno_Espacial/CSIS_Aerospace/pdfs_full/Otros/CSIS_190425-harrison-chinaspace.pdf,pdf,,,,PDF_OK,,13961,0,5,,{}
data/raw_muestra/F2_Seguridad_Entorno_Espacial/CSIS_Aerospace/pdfs_full/Otros/CSIS_190626-johnson-spaceforcelegislation-layout-v1.pdf,pdf,,,,PDF_OK,,11412,0,4,,{}
data/raw_muestra/F2_Seguridad_Entorno_Espacial/CSIS_Aerospace/pdfs_full/Otros/CSIS_191029-harrison-airforceofthefuture-web4.pdf,pdf,,,,PDF_OK,,106987,0,45,,{}
data/raw_muestra/F2_Seguridad_Entorno_Espacial/CSIS_Aerospace/pdfs_full/Otros/CSIS_191107-dwyer-beyondthebuzzwords-final.pdf,pdf,,,,PDF_OK,,30808,0,7,,{}
data/raw_muestra/F2_Seguridad_Entorno_Espacial/CSIS_Aerospace/pdfs_full/Otros/CSIS_20160005961.pdf,pdf,,,,PDF_OK,,3642,0,6,,{}
data/raw_muestra/F2_Seguridad_Entorno_Espacial/CSIS_Aerospace/pdfs_full/Otros/CSIS_2020-gwu-exploringinsights-final-2nd-edits-101920-compressed.pdf,pdf,,,,PDF_OK,,277486,0,86,,{}
data/raw_muestra/F2_Seguridad_Entorno_Espacial/CSIS_Aerospace/pdfs_full/Otros/CSIS_20200714-kaplan-cislunar-final.pdf,pdf,,,,PDF_OK,,47796,0,15,,{}
data/raw_muestra/F2_Seguridad_Entorno_Espacial/CSIS_Aerospace/pdfs_full/Otros/CSIS_20210914-duke-osam.pdf,pdf,,,,PDF_OK,,32724,0,11,,{}
data/raw_muestra/F2_Seguridad_Entorno_Espacial/CSIS_Aerospace/pdfs_full/Otros/CSIS_2022-02-04-china-russia-joint-statement-international-relations-entering-a-new-era.pdf,pdf,,,,PDF_OK,,37753,0,12,,{}
data/raw_muestra/F2_Seguridad_Entorno_Espacial/CSIS_Aerospace/pdfs_full/Otros/CSIS_2022-iss-transition-report-final-tagged.pdf,pdf,,,,PDF_OK,,54739,0,24,,{}
data/raw_muestra/F2_Seguridad_Entorno_Espacial/CSIS_Aerospace/pdfs_full/Otros/CSIS_2022-national-defense-strategy-npr-mdr.pdf,pdf,,,,PDF_OK,,175634,0,80,,{}
data/raw_muestra/F2_Seguridad_Entorno_Espacial/CSIS_Aerospace/pdfs_full/Otros/CSIS_20230202-testimony-to-house-e-c-comms-and-tech-subcomm-csis-bingen.pdf,pdf,,,,PDF_OK,,36315,0,12,,{}
data/raw_muestra/F2_Seguridad_Entorno_Espacial/CSIS_Aerospace/pdfs_full/Otros/CSIS_2024-24091.pdf,pdf,,,,PDF_OK,,160073,0,84,,{}
data/raw_muestra/F2_Seguridad_Entorno_Espacial/CSIS_Aerospace/pdfs_full/Otros/CSIS_2024-architecture-executive-overview.pdf,pdf,,,,PDF_OK,,107265,0,28,,{}
data/raw_muestra/F2_Seguridad_Entorno_Espacial/CSIS_Aerospace/pdfs_full/Otros/CSIS_2024-dod-commercial-space-integration-strategy.pdf,pdf,,,,PDF_OK,,20945,0,16,,{}
data/raw_muestra/F2_Seguridad_Entorno_Espacial/CSIS_Aerospace/pdfs_full/Otros/CSIS_210303-harrison-crewed-systems.pdf,pdf,,,,PDF_OK,,57868,0,16,,{}
data/raw_muestra/F2_Seguridad_Entorno_Espacial/CSIS_Aerospace/pdfs_full/Otros/CSIS_210709-weitz-chinese-russian-exercises.pdf,pdf,,,,PDF_OK,,30516,0,9,,{}
data/raw_muestra/F2_Seguridad_Entorno_Espacial/CSIS_Aerospace/pdfs_full/Otros/CSIS_210805-harrison-battlenetworks-partone.pdf,pdf,,,,PDF_OK,,38373,0,10,,{}
data/raw_muestra/F2_Seguridad_Entorno_Espacial/CSIS_Aerospace/pdfs_full/Otros/CSIS_211103-harrison-battle-networks-part2-compressed.pdf,pdf,,,,PDF_OK,,47355,0,11,,{}
data/raw_muestra/F2_Seguridad_Entorno_Espacial/CSIS_Aerospace/pdfs_full/Otros/CSIS_220202-harrison-commercial-space-compressed.pdf,pdf,,,,PDF_OK,,37382,0,9,,{}
data/raw_muestra/F2_Seguridad_Entorno_Espacial/CSIS_Aerospace/pdfs_full/Otros/CSIS_220215-johnson-flyme-moon-web.pdf,pdf,,,,PDF_OK,,131929,0,45,,{}
data/raw_muestra/F2_Seguridad_Entorno_Espacial/CSIS_Aerospace/pdfs_full/Otros/CSIS_221214-young-loworbit-highstakes-min.pdf,pdf,,,,PDF_OK,,106344,0,42,,{}
data/raw_muestra/F2_Seguridad_Entorno_Espacial/CSIS_Aerospace/pdfs_full/Otros/CSIS_240314-young-french-space.pdf,pdf,,,,PDF_OK,,74201,0,35,,{}
data/raw_muestra/F2_Seguridad_Entorno_Espacial/CSIS_Aerospace/pdfs_full/Otros/CSIS_240417-swope-space-threat-0.pdf,pdf,,,,PDF_OK,,209482,0,68,,{}
data/raw_muestra/F2_Seguridad_Entorno_Espacial/CSIS_Aerospace/pdfs_full/Otros/CSIS_240503-stewart-nuclear-option.pdf,pdf,,,,PDF_OK,,40747,0,16,,{}
data/raw_muestra/F2_Seguridad_Entorno_Espacial/CSIS_Aerospace/pdfs_full/Otros/CSIS_240823-bingen-earth-uchu-min.pdf,pdf,,,,PDF_OK,,214070,0,85,,{}
data/raw_muestra/F2_Seguridad_Entorno_Espacial/CSIS_Aerospace/pdfs_full/Otros/CSIS_241001-bingen-gold-rush-min.pdf,pdf,,,,PDF_OK,,80510,0,37,,{}
data/raw_muestra/F2_Seguridad_Entorno_Espacial/CSIS_Aerospace/pdfs_full/Otros/CSIS_241021-swope-swimmimg-upstream-0-compressed.pdf,pdf,,,,PDF_OK,,217021,0,62,,{}
data/raw_muestra/F2_Seguridad_Entorno_Espacial/CSIS_Aerospace/pdfs_full/Otros/CSIS_25-mccabe.pdf,pdf,,,,PDF_OK,,18762,0,6,,{}
data/raw_muestra/F2_Seguridad_Entorno_Espacial/CSIS_Aerospace/pdfs_full/Otros/CSIS_250515-bingen-intelligence-priorities.pdf,pdf,,,,PDF_OK,,18281,0,7,,{}
data/raw_muestra/F2_Seguridad_Entorno_Espacial/CSIS_Aerospace/pdfs_full/Otros/CSIS_2kaitlyn-a-balance-of-instability.pdf,pdf,,,,PDF_OK,,36539,0,12,,{}
data/raw_muestra/F2_Seguridad_Entorno_Espacial/CSIS_Aerospace/pdfs_full/Otros/CSIS_3.5.25-irondome-1.pdf,pdf,,,,PDF_OK,,13849,0,5,,{}
data/raw_muestra/F2_Seguridad_Entorno_Espacial/CSIS_Aerospace/pdfs_full/Otros/CSIS_675694.pdf,pdf,,,,PDF_OK,,49669,0,25,,{}
data/raw_muestra/F2_Seguridad_Entorno_Espacial/CSIS_Aerospace/pdfs_full/Otros/CSIS_678697.pdf,pdf,,,,PDF_OK,,112142,0,69,,{}
data/raw_muestra/F2_Seguridad_Entorno_Espacial/CSIS_Aerospace/pdfs_full/Otros/CSIS_91333.pdf,pdf,,,,PDF_OK,,28087,0,20,,{}
data/raw_muestra/F2_Seguridad_Entorno_Espacial/CSIS_Aerospace/pdfs_full/Otros/CSIS_a76-incl-tech-correction.pdf,pdf,,,,PDF_OK,,218974,0,63,,{}
data/raw_muestra/F2_Seguridad_Entorno_Espacial/CSIS_Aerospace/pdfs_full/Otros/CSIS_agoessler-the-private-sectors-assessment-of-u.s.-space-policy-and-law.pdf,pdf,,,,PDF_OK,,51173,0,16,,{}
data/raw_muestra/F2_Seguridad_Entorno_Espacial/CSIS_Aerospace/pdfs_full/Otros/CSIS_allardcommission.pdf,pdf,,,,PDF_OK,,118810,0,58,,{}
data/raw_muestra/F2_Seguridad_Entorno_Espacial/CSIS_Aerospace/pdfs_full/Otros/CSIS_another-leap-forward-indias-historic-moon-landing-and-the-space-competition-unde.pdf,pdf,,,,PDF_OK,,43743,0,13,,{}
data/raw_muestra/F2_Seguridad_Entorno_Espacial/CSIS_Aerospace/pdfs_full/Otros/CSIS_asat-test-ban-min.pdf,pdf,,,,PDF_OK,,17634,0,6,,{}
data/raw_muestra/F2_Seguridad_Entorno_Espacial/CSIS_Aerospace/pdfs_full/Otros/CSIS_ata-2024-unclassified-report.pdf,pdf,,,,PDF_OK,,101702,0,41,,{}
data/raw_muestra/F2_Seguridad_Entorno_Espacial/CSIS_Aerospace/pdfs_full/Otros/CSIS_battle-networks-3-compressed.pdf,pdf,,,,PDF_SIN_OCR,,32,0,9,,{}
data/raw_muestra/F2_Seguridad_Entorno_Espacial/CSIS_Aerospace/pdfs_full/Otros/CSIS_bills-115hr2810eh.pdf,pdf,,,,PDF_OK,,1941531,0,1330,,{}
data/raw_muestra/F2_Seguridad_Entorno_Espacial/CSIS_Aerospace/pdfs_full/Otros/CSIS_bingen-earth-uchu-japanese-0120025final.pdf,pdf,,,,PDF_OK,,112135,0,90,,{}
data/raw_muestra/F2_Seguridad_Entorno_Espacial/CSIS_Aerospace/pdfs_full/Otros/CSIS_bradley-kasa-final.pdf,pdf,,,,PDF_OK,,15857,0,6,,{}
data/raw_muestra/F2_Seguridad_Entorno_Espacial/CSIS_Aerospace/pdfs_full/Otros/CSIS_c8ea8c3bc071c03e5e83203b4060f784.mr.-william-gerstenmaier-testimony.pdf,pdf,,,,PDF_OK,,22553,0,7,,{}
data/raw_muestra/F2_Seguridad_Entorno_Espacial/CSIS_Aerospace/pdfs_full/Otros/CSIS_chance-saltzman-testimony.pdf,pdf,,,,PDF_OK,,15547,0,8,,{}
data/raw_muestra/F2_Seguridad_Entorno_Espacial/CSIS_Aerospace/pdfs_full/Otros/CSIS_chandra-artemis-rewritten.pdf,pdf,,,,PDF_OK,,14714,0,6,,{}
data/raw_muestra/F2_Seguridad_Entorno_Espacial/CSIS_Aerospace/pdfs_full/Otros/CSIS_cheng-uscc-testimony-final.pdf,pdf,,,,PDF_OK,,57557,0,18,,{}
data/raw_muestra/F2_Seguridad_Entorno_Espacial/CSIS_Aerospace/pdfs_full/Otros/CSIS_civil-space-primer-mchang-min.pdf,pdf,,,,PDF_OK,,34421,0,20,,{}
data/raw_muestra/F2_Seguridad_Entorno_Espacial/CSIS_Aerospace/pdfs_full/Otros/CSIS_csla-report-4-4-16-final.pdf,pdf,,,,PDF_OK,,16579,0,7,,{}
data/raw_muestra/F2_Seguridad_Entorno_Espacial/CSIS_Aerospace/pdfs_full/Otros/CSIS_debris-in-brief-factsheet.pdf,pdf,,,,PDF_OK,,6966,0,2,,{}
data/raw_muestra/F2_Seguridad_Entorno_Espacial/CSIS_Aerospace/pdfs_full/Otros/CSIS_dolman.pdf,pdf,,,,PDF_OK,,14605,0,6,,{}
data/raw_muestra/F2_Seguridad_Entorno_Espacial/CSIS_Aerospace/pdfs_full/Otros/CSIS_dsb-commercial-space-final-report-forpublicrelease.pdf,pdf,,,,PDF_OK,,49003,0,28,,{}
data/raw_muestra/F2_Seguridad_Entorno_Espacial/CSIS_Aerospace/pdfs_full/Otros/CSIS_dwyer-nuclearnexus-cross-domain-competition1.pdf,pdf,,,,PDF_OK,,39265,0,12,,{}
data/raw_muestra/F2_Seguridad_Entorno_Espacial/CSIS_Aerospace/pdfs_full/Otros/CSIS_fy-2019-uscg-congressional-justification.pdf,pdf,,,,PDF_OK,,468080,0,336,,{}
data/raw_muestra/F2_Seguridad_Entorno_Espacial/CSIS_Aerospace/pdfs_full/Otros/CSIS_fy17-ndaa-1616-omb-report.pdf,pdf,,,,PDF_ESCANEADO,,0,0,20,,{}
data/raw_muestra/F2_Seguridad_Entorno_Espacial/CSIS_Aerospace/pdfs_full/Otros/CSIS_fy19-green-book.pdf,pdf,,,,PDF_OK,,801749,0,283,,{}
data/raw_muestra/F2_Seguridad_Entorno_Espacial/CSIS_Aerospace/pdfs_full/Otros/CSIS_fy2019-presidents-budget-nasa.pdf,pdf,,,,PDF_OK,,1834437,0,765,,{}
data/raw_muestra/F2_Seguridad_Entorno_Espacial/CSIS_Aerospace/pdfs_full/Otros/CSIS_fy2024-budget-request-overview-book.pdf,pdf,,,,PDF_OK,,429272,0,158,,{}
data/raw_muestra/F2_Seguridad_Entorno_Espacial/CSIS_Aerospace/pdfs_full/Otros/CSIS_harrison-endgame-d360.pdf,pdf,,,,PDF_OK,,13961,0,6,,{}
data/raw_muestra/F2_Seguridad_Entorno_Espacial/CSIS_Aerospace/pdfs_full/Otros/CSIS_harrison-intlperspectivesspaceweapons-compressed.pdf,pdf,,,,PDF_OK,,83742,0,33,,{}
data/raw_muestra/F2_Seguridad_Entorno_Espacial/CSIS_Aerospace/pdfs_full/Otros/CSIS_how-the-air-force-can-save-30-billion.pdf,pdf,,,,PDF_OK,,18087,0,7,,{}
data/raw_muestra/F2_Seguridad_Entorno_Espacial/CSIS_Aerospace/pdfs_full/Otros/CSIS_iac-16b121x33088.brief.pdf,pdf,,,,PDF_OK,,2084,0,1,,{}
data/raw_muestra/F2_Seguridad_Entorno_Espacial/CSIS_Aerospace/pdfs_full/Otros/CSIS_ig-21-004.pdf,pdf,,,,PDF_OK,,95564,0,42,,{}
data/raw_muestra/F2_Seguridad_Entorno_Espacial/CSIS_Aerospace/pdfs_full/Otros/CSIS_ig-22-007.pdf,pdf,,,,PDF_OK,,97574,0,41,,{}
data/raw_muestra/F2_Seguridad_Entorno_Espacial/CSIS_Aerospace/pdfs_full/Otros/CSIS_iss-johnson-csis-october-2025.pdf,pdf,,,,PDF_OK,,26286,0,8,,{}
data/raw_muestra/F2_Seguridad_Entorno_Espacial/CSIS_Aerospace/pdfs_full/Otros/CSIS_iss-transition-report-180330.pdf,pdf,,,,PDF_OK,,150605,0,54,,{}
data/raw_muestra/F2_Seguridad_Entorno_Espacial/CSIS_Aerospace/pdfs_full/Otros/CSIS_johnson-endgame-d360.pdf,pdf,,,,PDF_OK,,9749,0,4,,{}
data/raw_muestra/F2_Seguridad_Entorno_Espacial/CSIS_Aerospace/pdfs_full/Otros/CSIS_johnson-governanceinspace-web-final-1.pdf,pdf,,,,PDF_OK,,112912,0,42,,{}
data/raw_muestra/F2_Seguridad_Entorno_Espacial/CSIS_Aerospace/pdfs_full/Otros/CSIS_kevin-wolf-testimony.pdf,pdf,,,,PDF_OK,,87200,0,31,,{}
data/raw_muestra/F2_Seguridad_Entorno_Espacial/CSIS_Aerospace/pdfs_full/Otros/CSIS_lunar-spectrum-policy-1.pdf,pdf,,,,PDF_OK,,55354,0,17,,{}
data/raw_muestra/F2_Seguridad_Entorno_Espacial/CSIS_Aerospace/pdfs_full/Otros/CSIS_mars-sample-return-independent-review-board-report.pdf,pdf,,,,PDF_OK,,104123,0,64,,{}
data/raw_muestra/F2_Seguridad_Entorno_Espacial/CSIS_Aerospace/pdfs_full/Otros/CSIS_memorandum-on-space-policy-directive-5cybersecurity-principles-for-space-systems-the.pdf,pdf,,,,PDF_OK,,13239,0,6,,{}
data/raw_muestra/F2_Seguridad_Entorno_Espacial/CSIS_Aerospace/pdfs_full/Otros/CSIS_nasa-act1958.pdf,pdf,,,,PDF_ESCANEADO,,0,0,13,,{}
data/raw_muestra/F2_Seguridad_Entorno_Espacial/CSIS_Aerospace/pdfs_full/Otros/CSIS_nationalspaceexplorationcampaign.pdf,pdf,,,,PDF_OK,,40915,0,21,,{}
data/raw_muestra/F2_Seguridad_Entorno_Espacial/CSIS_Aerospace/pdfs_full/Otros/CSIS_ndaa-space-force.2.pdf,pdf,,,,PDF_OK,,11666,0,5,,{}
data/raw_muestra/F2_Seguridad_Entorno_Espacial/CSIS_Aerospace/pdfs_full/Otros/CSIS_nsc-25-scientific-or-technological-experiements-with-possible-large-scale-adverse-env.pdf,pdf,,,,PDF_OK,,407,0,4,,{}
data/raw_muestra/F2_Seguridad_Entorno_Espacial/CSIS_Aerospace/pdfs_full/Otros/CSIS_organizational-management-structure-dod-national-security-space-components.pdf,pdf,,,,PDF_OK,,31067,0,15,,{}
data/raw_muestra/F2_Seguridad_Entorno_Espacial/CSIS_Aerospace/pdfs_full/Otros/CSIS_osi-international-open-letter-asats-public.pdf,pdf,,,,PDF_OK,,27999,0,14,,{}
data/raw_muestra/F2_Seguridad_Entorno_Espacial/CSIS_Aerospace/pdfs_full/Otros/CSIS_plaw-105publ270.pdf,pdf,,,,PDF_OK,,89427,0,5,,{}
data/raw_muestra/F2_Seguridad_Entorno_Espacial/CSIS_Aerospace/pdfs_full/Otros/CSIS_plaw-116publ92.pdf,pdf,,,,PDF_OK,,3537441,0,1120,,{}
data/raw_muestra/F2_Seguridad_Entorno_Espacial/CSIS_Aerospace/pdfs_full/Otros/CSIS_pub1798-web.pdf,pdf,,,,PDF_OK,,320662,0,190,,{}
data/raw_muestra/F2_Seguridad_Entorno_Espacial/CSIS_Aerospace/pdfs_full/Otros/CSIS_regional-perspectives-on-norms-of-behaviour-for-outer-space-activities-en-622.pdf,pdf,,,,PDF_OK,,183186,0,47,,{}
data/raw_muestra/F2_Seguridad_Entorno_Espacial/CSIS_Aerospace/pdfs_full/Otros/CSIS_rumsfeldcommission.pdf,pdf,,,,PDF_OK,,286989,0,165,,{}
data/raw_muestra/F2_Seguridad_Entorno_Espacial/CSIS_Aerospace/pdfs_full/Otros/CSIS_sp1235v2web.pdf,pdf,,,,PDF_OK,,2706583,0,691,,{}
data/raw_muestra/F2_Seguridad_Entorno_Espacial/CSIS_Aerospace/pdfs_full/Otros/CSIS_space-force-doctrine-document-1-final-4apr25.pdf,pdf,,,,PDF_OK,,103889,0,51,,{}
data/raw_muestra/F2_Seguridad_Entorno_Espacial/CSIS_Aerospace/pdfs_full/Otros/CSIS_spaceforceprimer-dec22.pdf,pdf,,,,PDF_OK,,32279,0,15,,{}
data/raw_muestra/F2_Seguridad_Entorno_Espacial/CSIS_Aerospace/pdfs_full/Otros/CSIS_spfi13-604.pdf,pdf,,,,PDF_OK,,39778,0,16,,{}
data/raw_muestra/F2_Seguridad_Entorno_Espacial/CSIS_Aerospace/pdfs_full/Otros/CSIS_starliner-notebook.pdf,pdf,,,,PDF_OK,,34405,0,51,,{}
data/raw_muestra/F2_Seguridad_Entorno_Espacial/CSIS_Aerospace/pdfs_full/Otros/CSIS_todd-harrison-testimony-nasas-future-in-low-earth-orbit-9.21.21.pdf,pdf,,,,PDF_OK,,7913,0,4,,{}
data/raw_muestra/F2_Seguridad_Entorno_Espacial/CSIS_Aerospace/pdfs_full/Otros/CSIS_ussf-commercial-space-strategy.pdf,pdf,,,,PDF_OK,,54264,0,19,,{}
data/raw_muestra/F2_Seguridad_Entorno_Espacial/CSIS_Aerospace/pdfs_full/Otros/CSIS_white-paper22-u.s.-leadership-and-commercial-space-rf-sensing-export-controls-a-press.pdf,pdf,,,,PDF_OK,,11457,0,3,,{}
data/raw_muestra/F2_Seguridad_Entorno_Espacial/CSIS_Aerospace/pdfs_full/Otros/CSIS_wilson-wood-southkorea-20230802.pdf,pdf,,,,PDF_OK,,46196,0,14,,{}
data/raw_muestra/F2_Seguridad_Entorno_Espacial/CSIS_Aerospace/pdfs_full/Space_Threat_Assessment/CSIS_230414-bingen-space-assessment.pdf,pdf,,,,PDF_OK,,168966,0,56,,{}
data/raw_muestra/F2_Seguridad_Entorno_Espacial/CSIS_Aerospace/pdfs_full/Space_Threat_Assessment/CSIS_230414-bingen-spacethreatassessment-2023-updated-min.pdf,pdf,,,,PDF_OK,,168966,0,56,,{}
data/raw_muestra/F2_Seguridad_Entorno_Espacial/CSIS_Aerospace/pdfs_full/Space_Threat_Assessment/CSIS_240417-swope-spacethreatassessment-2024.pdf,pdf,,,,PDF_OK,,209485,0,68,,{}
data/raw_muestra/F2_Seguridad_Entorno_Espacial/CSIS_Aerospace/pdfs_full/Space_Threat_Assessment/CSIS_250425-swope-space-threat.pdf,pdf,,,,PDF_OK,,175333,0,54,,{}
data/raw_muestra/F2_Seguridad_Entorno_Espacial/CSIS_Aerospace/pdfs_full/Space_Threat_Assessment/CSIS_harrison-spacethreatassessment20-web-final-min.pdf,pdf,,,,PDF_OK,,275557,0,80,,{}
data/raw_muestra/F2_Seguridad_Entorno_Espacial/CSIS_Aerospace/pdfs_full/Space_Threat_Assessment/CSIS_harrison-spacethreatassessment2021.pdf,pdf,,,,PDF_OK,,123025,0,41,,{}
data/raw_muestra/F2_Seguridad_Entorno_Espacial/CSIS_Aerospace/pdfs_full/Space_Threat_Assessment/CSIS_harrison-spacethreatassessment2022-web-v3-compressed.pdf,pdf,,,,PDF_OK,,145187,0,53,,{}
data/raw_muestra/F2_Seguridad_Entorno_Espacial/CSIS_Aerospace/pdfs_full/Space_Threat_Assessment/CSIS_spacethreatassessment2019-compressed.pdf,pdf,,,,PDF_OK,,208560,0,63,,{}
data/raw_muestra/F2_Seguridad_Entorno_Espacial/ESA_Space_Debris/pdfs/Articulos/ESA_admin-ipol-2023-1-space-debris-mitigation-policy-final.pdf,pdf,,,,PDF_OK,,8697,0,6,,{}
data/raw_muestra/F2_Seguridad_Entorno_Espacial/ESA_Space_Debris/pdfs/Articulos/ESA_dghkmz-6542582e18e33.pdf,pdf,,,,PDF_OK,,145965,0,83,,{}
data/raw_muestra/F2_Seguridad_Entorno_Espacial/ESA_Space_Debris/pdfs/Articulos/ESA_space-debris-mitigation-compliance-verification-guidelines.pdf,pdf,,,,PDF_OK,,523338,0,193,,{}
data/raw_muestra/F2_Seguridad_Entorno_Espacial/ESA_Space_Debris/pdfs/Articulos/ESA_st-space-49e.pdf,pdf,,,,PDF_OK,,16236,0,12,,{}
data/raw_muestra/F2_Seguridad_Entorno_Espacial/ESA_Space_Debris/pdfs/Articulos/ESA_zero-debris-charter-en.pdf,pdf,,,,PDF_OK,,4692,0,2,,{}
data/raw_muestra/F2_Seguridad_Entorno_Espacial/ESA_Space_Debris/pdfs/SDO_Publications/ESA_2022-espi-capacity.pdf,pdf,,,,PDF_OK,,2957,0,8,,{}
data/raw_muestra/F2_Seguridad_Entorno_Espacial/ESA_Space_Debris/pdfs/SDO_Publications/ESA_environmental-report-on-space-debris-mitigation-slides.pdf,pdf,,,,PDF_OK,,2398,0,10,,{}
data/raw_muestra/F2_Seguridad_Entorno_Espacial/ESA_Space_Debris/pdfs/SDO_Publications/ESA_environmental-report-on-space-debris-mitigation.pdf,pdf,,,,PDF_OK,,23151,0,8,,{}
data/raw_muestra/F2_Seguridad_Entorno_Espacial/ESA_Space_Debris/pdfs/SDO_Publications/ESA_space-environment-report-i10r0-20260501.pdf,pdf,,,,PDF_OK,,242686,0,151,,{}
data/raw_muestra/F2_Seguridad_Entorno_Espacial/ESA_Space_Debris/pdfs/SDO_Publications/ESA_space-environment-report-i1r2-20170427.pdf,pdf,,,,PDF_OK,,78816,0,61,,{}
data/raw_muestra/F2_Seguridad_Entorno_Espacial/ESA_Space_Debris/pdfs/SDO_Publications/ESA_space-environment-report-i2r0-20180518.pdf,pdf,,,,PDF_OK,,89053,0,71,,{}
data/raw_muestra/F2_Seguridad_Entorno_Espacial/ESA_Space_Debris/pdfs/SDO_Publications/ESA_space-environment-report-i3r0-20190430.pdf,pdf,,,,PDF_OK,,102732,0,79,,{}
data/raw_muestra/F2_Seguridad_Entorno_Espacial/ESA_Space_Debris/pdfs/SDO_Publications/ESA_space-environment-report-i4r0-20200911.pdf,pdf,,,,PDF_OK,,114285,0,88,,{}
data/raw_muestra/F2_Seguridad_Entorno_Espacial/ESA_Space_Debris/pdfs/SDO_Publications/ESA_space-environment-report-i5r0-20210527.pdf,pdf,,,,PDF_OK,,142484,0,106,,{}
data/raw_muestra/F2_Seguridad_Entorno_Espacial/ESA_Space_Debris/pdfs/SDO_Publications/ESA_space-environment-report-i6r0-20220422.pdf,pdf,,,,PDF_OK,,188661,0,120,,{}
data/raw_muestra/F2_Seguridad_Entorno_Espacial/ESA_Space_Debris/pdfs/SDO_Publications/ESA_space-environment-report-i7r1-20230912.pdf,pdf,,,,PDF_OK,,195226,0,124,,{}
data/raw_muestra/F2_Seguridad_Entorno_Espacial/ESA_Space_Debris/pdfs/SDO_Publications/ESA_space-environment-report-i8r0-20240719.pdf,pdf,,,,PDF_OK,,196707,0,121,,{}
data/raw_muestra/F2_Seguridad_Entorno_Espacial/ESA_Space_Debris/pdfs/SDO_Publications/ESA_space-environment-report-i9r0-20250331.pdf,pdf,,,,PDF_OK,,227950,0,144,,{}
data/raw_muestra/F2_Seguridad_Entorno_Espacial/ESA_Space_Debris/pdfs/SDO_Publications/ESA_space-environment-report-i9r1-20251021.pdf,pdf,,,,PDF_OK,,233284,0,146,,{}
data/raw_muestra/F2_Seguridad_Entorno_Espacial/ESA_Space_Debris/pdfs/SDUP_Documents/ESA_design-for-demise-verification-guidelines-v1.pdf,pdf,,,,PDF_OK,,228053,0,116,,{}
data/raw_muestra/F2_Seguridad_Entorno_Espacial/ESA_Space_Debris/pdfs/SDUP_Documents/ESA_essb-hb-u-003-issue-1-8september2025.pdf,pdf,,,,PDF_OK,,156020,0,62,,{}
data/raw_muestra/F2_Seguridad_Entorno_Espacial/ESA_Space_Debris/pdfs/SDUP_Documents/ESA_essb-st-u-004-issue14december2017.pdf,pdf,,,,PDF_OK,,64147,0,38,,{}
data/raw_muestra/F2_Seguridad_Entorno_Espacial/ESA_Space_Debris/pdfs/SDUP_Documents/ESA_essb-st-u-007-issue-1-revision-1-23-october-2025.pdf,pdf,,,,PDF_OK,,150695,0,80,,{}
data/raw_muestra/F2_Seguridad_Entorno_Espacial/ESA_Space_Debris/pdfs/SDUP_Documents/ESA_space-debris-mitigation-compliance-verification-guidelines.pdf,pdf,,,,PDF_OK,,521689,0,192,,{}
data/raw_muestra/F2_Seguridad_Entorno_Espacial/INPE/pdfs/INPE_agenda-final.pdf,pdf,,,,PDF_OK,,9682,0,7,,{}
data/raw_muestra/F2_Seguridad_Entorno_Espacial/INPE/pdfs/INPE_nota-tecnica-el-nino-2026-final-160626.pdf,pdf,,,,PDF_OK,,23482,0,16,,{}
data/raw_muestra/F2_Seguridad_Entorno_Espacial/INPE/pdfs/INPE_notatecnicaconjuntaelnino2026-inpeinmetfuncemecensipam.pdf,pdf,,,,PDF_OK,,22172,0,13,,{}
data/raw_muestra/F2_Seguridad_Entorno_Espacial/INPE/pdfs/INPE_painelelniojunho26.pdf,pdf,,,,PDF_OK,,25742,0,20,,{}
data/raw_muestra/F2_Seguridad_Entorno_Espacial/SWF_Counterspace/pdfs/Counterspace_Reports/SWF_2020-full-report-english.pdf,pdf,,,,PDF_OK,,581480,0,155,,{}
data/raw_muestra/F2_Seguridad_Entorno_Espacial/SWF_Counterspace/pdfs/Counterspace_Reports/SWF_2022-executive-summary-english.pdf,pdf,,,,PDF_OK,,95560,0,16,,{}
data/raw_muestra/F2_Seguridad_Entorno_Espacial/SWF_Counterspace/pdfs/Counterspace_Reports/SWF_2023-executive-summary-english.pdf,pdf,,,,PDF_OK,,32328,0,18,,{}
data/raw_muestra/F2_Seguridad_Entorno_Espacial/SWF_Counterspace/pdfs/Counterspace_Reports/SWF_2024-executive-summary-chinese.pdf,pdf,,,,PDF_OK,,11130,0,24,,{}
data/raw_muestra/F2_Seguridad_Entorno_Espacial/SWF_Counterspace/pdfs/Counterspace_Reports/SWF_2025-es-counterspace-eng.pdf,pdf,,,,PDF_OK,,34027,0,18,,{}
data/raw_muestra/F2_Seguridad_Entorno_Espacial/SWF_Counterspace/pdfs/Counterspace_Reports/SWF_2025-executive-summary-arabic.pdf,pdf,,,,PDF_OK,,36984,0,24,,{}
data/raw_muestra/F2_Seguridad_Entorno_Espacial/SWF_Counterspace/pdfs/Counterspace_Reports/SWF_2025-executive-summary-chinese.pdf,pdf,,,,PDF_OK,,11335,0,23,,{}
data/raw_muestra/F2_Seguridad_Entorno_Espacial/SWF_Counterspace/pdfs/Counterspace_Reports/SWF_2025-executive-summary-french.pdf,pdf,,,,PDF_OK,,41893,0,25,,{}
data/raw_muestra/F2_Seguridad_Entorno_Espacial/SWF_Counterspace/pdfs/Counterspace_Reports/SWF_2025-executive-summary-russian.pdf,pdf,,,,PDF_OK,,39639,0,24,,{}
data/raw_muestra/F2_Seguridad_Entorno_Espacial/SWF_Counterspace/pdfs/Counterspace_Reports/SWF_2025-executive-summary-spanish.pdf,pdf,,,,PDF_OK,,39875,0,24,,{}
data/raw_muestra/F2_Seguridad_Entorno_Espacial/SWF_Counterspace/pdfs/Counterspace_Reports/SWF_690e30052993b5d301a5c1b8-victoria-samson-quad-nations-security-dialogue-sept-28-2025.pdf,pdf,,,,PDF_OK,,4103,0,11,,{}
data/raw_muestra/F2_Seguridad_Entorno_Espacial/SWF_Counterspace/pdfs/Counterspace_Reports/SWF_69cffa84a1834078d6f9fe5e-2018-global-counterspace-capabilities-an-open-source-assessme.pdf,pdf,,,,PDF_OK,,378458,0,148,,{}
data/raw_muestra/F2_Seguridad_Entorno_Espacial/SWF_Counterspace/pdfs/Counterspace_Reports/SWF_69cffd06bb49a754a728c08d-2019-global-counterspace-capabilities-an-open-source-assessme.pdf,pdf,,,,PDF_OK,,447151,0,128,,{}
data/raw_muestra/F2_Seguridad_Entorno_Espacial/SWF_Counterspace/pdfs/Counterspace_Reports/SWF_69d000e653a0667bf9cf7a6f-2020-global-counterspace-capabilities-an-open-source-assessme.pdf,pdf,,,,PDF_OK,,581480,0,155,,{}
data/raw_muestra/F2_Seguridad_Entorno_Espacial/SWF_Counterspace/pdfs/Counterspace_Reports/SWF_69d003188c7e60684d6fab55-2021-global-counterspace-capabilities-an-open-source-assessme.pdf,pdf,,,,PDF_OK,,643577,0,237,,{}
data/raw_muestra/F2_Seguridad_Entorno_Espacial/SWF_Counterspace/pdfs/Counterspace_Reports/SWF_69d0054fcf51801d46c919e7-2023-global-counterspace-capabilities-an-open-source-assessme.pdf,pdf,,,,PDF_OK,,829297,0,270,,{}
data/raw_muestra/F2_Seguridad_Entorno_Espacial/SWF_Counterspace/pdfs/Counterspace_Reports/SWF_execsum-2026-swf-global-counterspace-capabilities.pdf,pdf,,,,PDF_OK,,49776,0,22,,{}
data/raw_muestra/F2_Seguridad_Entorno_Espacial/SWF_Counterspace/pdfs/Counterspace_Reports/SWF_gcsr-2026-execsum-ara.pdf,pdf,,,,PDF_OK,,37947,0,24,,{}
data/raw_muestra/F2_Seguridad_Entorno_Espacial/SWF_Counterspace/pdfs/Counterspace_Reports/SWF_gcsr-2026-execsum-chi.pdf,pdf,,,,PDF_OK,,11507,0,23,,{}
data/raw_muestra/F2_Seguridad_Entorno_Espacial/SWF_Counterspace/pdfs/Counterspace_Reports/SWF_gcsr-2026-execsum-eng.pdf,pdf,,,,PDF_OK,,35193,0,24,,{}
data/raw_muestra/F2_Seguridad_Entorno_Espacial/SWF_Counterspace/pdfs/Counterspace_Reports/SWF_gcsr-2026-execsum-fre.pdf,pdf,,,,PDF_OK,,42691,0,25,,{}
data/raw_muestra/F2_Seguridad_Entorno_Espacial/SWF_Counterspace/pdfs/Counterspace_Reports/SWF_gcsr-2026-execsum-por.pdf,pdf,,,,PDF_OK,,40529,0,25,,{}
data/raw_muestra/F2_Seguridad_Entorno_Espacial/SWF_Counterspace/pdfs/Counterspace_Reports/SWF_gcsr-2026-execsum-rus.pdf,pdf,,,,PDF_OK,,40477,0,26,,{}
data/raw_muestra/F2_Seguridad_Entorno_Espacial/SWF_Counterspace/pdfs/Counterspace_Reports/SWF_gcsr-2026-execsum-spa.pdf,pdf,,,,PDF_OK,,41304,0,25,,{}
data/raw_muestra/F2_Seguridad_Entorno_Espacial/SWF_Counterspace/pdfs/Counterspace_Reports/SWF_global-counterspace-capabilities-2022-rev2.pdf,pdf,,,,PDF_OK,,811836,0,251,,{}
data/raw_muestra/F2_Seguridad_Entorno_Espacial/SWF_Counterspace/pdfs/Counterspace_Reports/SWF_global-counterspace-capabilities-2024.pdf,pdf,,,,PDF_OK,,915130,0,286,,{}
data/raw_muestra/F2_Seguridad_Entorno_Espacial/SWF_Counterspace/pdfs/Counterspace_Reports/SWF_global-counterspace-capabilities-2025.pdf,pdf,,,,PDF_OK,,1098132,0,317,,{}
data/raw_muestra/F2_Seguridad_Entorno_Espacial/SWF_Counterspace/pdfs/Counterspace_Reports/SWF_global-counterspace-capabilities-2026-hr.pdf,pdf,,,,PDF_OK,,1374230,0,371,,{}
data/raw_muestra/F2_Seguridad_Entorno_Espacial/SWF_Counterspace/pdfs/Fact_Sheets/SWF_6801551cf9f591e09a953b6d-fs23-12-oewg-on-reducing-space-threats-1023.pdf,pdf,,,,PDF_OK,,14712,0,3,,{}
data/raw_muestra/F2_Seguridad_Entorno_Espacial/SWF_Counterspace/pdfs/Fact_Sheets/SWF_68015970f3e8d76d3d9fdce3-swf-iridium-cosmos-collision-fact-sheet-updated-2012.pdf,pdf,,,,PDF_OK,,9540,0,3,,{}
data/raw_muestra/F2_Seguridad_Entorno_Espacial/SWF_Counterspace/pdfs/Fact_Sheets/SWF_6859b22aeecc939d0f4c6f0d-gge-space-tcbms-fact-sheet-april-2014.pdf,pdf,,,,PDF_OK,,9765,0,2,,{}
data/raw_muestra/F2_Seguridad_Entorno_Espacial/SWF_Counterspace/pdfs/Fact_Sheets/SWF_69d7dd0c7b9a543b1c15c6ff-2025-commercial-and-civil-robotic-rendezvous-and-proximity-op.pdf,pdf,,,,PDF_OK,,16613,0,7,,{}
data/raw_muestra/F2_Seguridad_Entorno_Espacial/SWF_Counterspace/pdfs/Fact_Sheets/SWF_69d7dea06022e1fa5379dbdc-2025-u.s.-co-orbital-anti-satellite-testing-fact-sheet.pdf,pdf,,,,PDF_OK,,9696,0,4,,{}
data/raw_muestra/F2_Seguridad_Entorno_Espacial/SWF_Counterspace/pdfs/Fact_Sheets/SWF_fact-sheet-2026-chinese-direct-ascent-anti-satellite-testing.pdf,pdf,,,,PDF_OK,,16204,0,6,,{}
data/raw_muestra/F2_Seguridad_Entorno_Espacial/SWF_Counterspace/pdfs/Fact_Sheets/SWF_fact-sheet-2026-chinese-military-and-intelligence-rpo.pdf,pdf,,,,PDF_OK,,45601,0,14,,{}
data/raw_muestra/F2_Seguridad_Entorno_Espacial/SWF_Counterspace/pdfs/Fact_Sheets/SWF_fact-sheet-2026-chinese-reusable-experimental-spacecraft.pdf,pdf,,,,PDF_OK,,14905,0,6,,{}
data/raw_muestra/F2_Seguridad_Entorno_Espacial/SWF_Counterspace/pdfs/Fact_Sheets/SWF_fact-sheet-2026-indian-direct-ascent-anti-satellite-testing.pdf,pdf,,,,PDF_OK,,14041,0,6,,{}
data/raw_muestra/F2_Seguridad_Entorno_Espacial/SWF_Counterspace/pdfs/Fact_Sheets/SWF_fact-sheet-2026-russian-co-orbital-anti-satellite-testing.pdf,pdf,,,,PDF_OK,,18552,0,7,,{}
data/raw_muestra/F2_Seguridad_Entorno_Espacial/SWF_Counterspace/pdfs/Fact_Sheets/SWF_fact-sheet-2026-russian-direct-ascent-anti-satellite-testing.pdf,pdf,,,,PDF_OK,,17116,0,7,,{}
data/raw_muestra/F2_Seguridad_Entorno_Espacial/SWF_Counterspace/pdfs/Fact_Sheets/SWF_fact-sheet-2026-russian-military-and-intelligence-rendezvous-and-proximity-operations.pdf,pdf,,,,PDF_OK,,30781,0,11,,{}
data/raw_muestra/F2_Seguridad_Entorno_Espacial/SWF_Counterspace/pdfs/Fact_Sheets/SWF_fact-sheet-2026-u.s.-direct-ascent-anti-satellite-testing.pdf,pdf,,,,PDF_OK,,13481,0,6,,{}
data/raw_muestra/F2_Seguridad_Entorno_Espacial/SWF_Counterspace/pdfs/Fact_Sheets/SWF_fact-sheet-2026-u.s.-military-and-intelligence-rendezvous-and-proximity-operations.pdf,pdf,,,,PDF_OK,,38126,0,12,,{}
data/raw_muestra/F2_Seguridad_Entorno_Espacial/SWF_Counterspace/pdfs/Fact_Sheets/SWF_fact-sheet-2026-us-co-orbital-anti-satellite-testing-2026.pdf,pdf,,,,PDF_OK,,8681,0,4,,{}
data/raw_muestra/F2_Seguridad_Entorno_Espacial/SWF_Counterspace/pdfs/Fact_Sheets/SWF_fact-sheet-2026-x-37b.pdf,pdf,,,,PDF_OK,,23117,0,8,,{}
data/raw_muestra/F2_Seguridad_Entorno_Espacial/SWF_Counterspace/pdfs/Otros/SWF_5-unoosa-director-statement-to-69th-copuos.pdf,pdf,,,,PDF_OK,,13587,0,4,,{}
data/raw_muestra/F2_Seguridad_Entorno_Espacial/SWF_Counterspace/pdfs/Otros/SWF_685567ad2a80d36b0b5a15ef-copuos-briefing-book-russian-web.pdf,pdf,,,,PDF_OK,,258035,0,141,,{}
data/raw_muestra/F2_Seguridad_Entorno_Espacial/SWF_Counterspace/pdfs/Otros/SWF_685567ae7ac5278ddcb2dc68-copuos-briefing-book-spanish-web.pdf,pdf,,,,PDF_OK,,284535,0,146,,{}
data/raw_muestra/F2_Seguridad_Entorno_Espacial/SWF_Counterspace/pdfs/Otros/SWF_68641e5ca00afad730f46a7e-da-asat-statement-march-2025.pdf,pdf,,,,PDF_OK,,4191,0,2,,{}
data/raw_muestra/F2_Seguridad_Entorno_Espacial/SWF_Counterspace/pdfs/Otros/SWF_68a360cae303ff0aa031fe2d-handbook-for-new-actors-in-space-chinese-web.pdf,pdf,,,,PDF_OK,,142818,0,152,,{}
data/raw_muestra/F2_Seguridad_Entorno_Espacial/SWF_Counterspace/pdfs/Otros/SWF_69d00cb41bf6510b78f7de95-2017-french-handbook-for-new-actors.pdf,pdf,,,,PDF_OK,,391335,0,165,,{}
data/raw_muestra/F2_Seguridad_Entorno_Espacial/SWF_Counterspace/pdfs/Otros/SWF_69efd9ea36f217e8cdf27506-swf-comments-on-spacex-odc-filing.pdf,pdf,,,,PDF_OK,,13233,0,6,,{}
data/raw_muestra/F2_Seguridad_Entorno_Espacial/SWF_Counterspace/pdfs/Otros/SWF_69efdcb16aab3ec7a9eb444c-swf-comments-on-starcloud-odc-filing.pdf,pdf,,,,PDF_OK,,11982,0,5,,{}
data/raw_muestra/F2_Seguridad_Entorno_Espacial/SWF_Counterspace/pdfs/Otros/SWF_6a0b0818fcda8557e49ffd3f-swf-comments-on-blue-origin-odc-filing.pdf,pdf,,,,PDF_OK,,13249,0,6,,{}
data/raw_muestra/F2_Seguridad_Entorno_Espacial/SWF_Counterspace/pdfs/Otros/SWF_6a3c34256ebbe7ed488408dd-verifying-the-prohibition-on-the-placement-of-nuclear-weapons.pdf,pdf,,,,PDF_OK,,15013,0,5,,{}
data/raw_muestra/F2_Seguridad_Entorno_Espacial/SWF_Counterspace/pdfs/Otros/SWF_6a4562a468e2256623dbd210-space-tcbms-statement-to-sg-advisory-bd-on-disarmament-matter.pdf,pdf,,,,PDF_OK,,8849,0,5,,{}
data/raw_muestra/F2_Seguridad_Entorno_Espacial/SWF_Counterspace/pdfs/Otros/SWF_6a5155ae152102225ac99178-swf-comments-on-cowboy-space-odc-filing.pdf,pdf,,,,PDF_OK,,13432,0,6,,{}
data/raw_muestra/F2_Seguridad_Entorno_Espacial/SWF_Counterspace/pdfs/Otros/SWF_6a555a295484f70289284315-swf-statement-for-the-3rd-session-of-the-oewg-on-paros-in-all.pdf,pdf,,,,PDF_OK,,5119,0,3,,{}
data/raw_muestra/F2_Seguridad_Entorno_Espacial/SWF_Counterspace/pdfs/Otros/SWF_742991e8c328c631d7315f22a966b3e5d88d5c804b3550cb284a72671ea5bd2a.house-science-committ.pdf,pdf,,,,PDF_OK,,7317,0,3,,{}
data/raw_muestra/F2_Seguridad_Entorno_Espacial/SWF_Counterspace/pdfs/Otros/SWF_confers-operating-practices.pdf,pdf,,,,PDF_OK,,13193,0,5,,{}
data/raw_muestra/F2_Seguridad_Entorno_Espacial/SWF_Counterspace/pdfs/Otros/SWF_copuos-briefing-book-2025-eng-web.pdf,pdf,,,,PDF_OK,,238922,0,126,,{}
data/raw_muestra/F2_Seguridad_Entorno_Espacial/SWF_Counterspace/pdfs/Otros/SWF_copuos-briefing-book-2025-fre-web.pdf,pdf,,,,PDF_OK,,271956,0,146,,{}
data/raw_muestra/F2_Seguridad_Entorno_Espacial/SWF_Counterspace/pdfs/Otros/SWF_handbook-for-new-space-actors-2025-hr.pdf,pdf,,,,PDF_OK,,416581,0,178,,{}
data/raw_muestra/F2_Seguridad_Entorno_Espacial/SWF_Counterspace/pdfs/Otros/SWF_ilrs-presentation20230529.pdf,pdf,,,,PDF_OK,,10382,0,28,,{}
data/raw_muestra/F2_Seguridad_Entorno_Espacial/SWF_Counterspace/pdfs/Otros/SWF_investimento-respons-vel-no-setor-espacial.pdf,pdf,,,,PDF_OK,,58241,0,27,,{}
data/raw_muestra/F2_Seguridad_Entorno_Espacial/SWF_Counterspace/pdfs/Otros/SWF_publication-final-english-june2021.pdf,pdf,,,,PDF_OK,,82362,0,48,,{}
data/raw_muestra/F2_Seguridad_Entorno_Espacial/SWF_Counterspace/pdfs/Otros/SWF_space-commerce-certification-osc-proposal-march-2026.pdf,pdf,,,,PDF_OK,,34513,0,13,,{}
data/raw_muestra/F2_Seguridad_Entorno_Espacial/SWF_Counterspace/pdfs/Otros/SWF_ssc-best-practices-for-space-operations-sustainability-v29.pdf,pdf,,,,PDF_OK,,56033,0,28,,{}
data/raw_muestra/F2_Seguridad_Entorno_Espacial/SWF_Counterspace/pdfs/Otros/SWF_statement-copuos-26-item5-plenary.pdf,pdf,,,,PDF_OK,,3951,0,2,,{}
data/raw_muestra/F2_Seguridad_Entorno_Espacial/UNOOSA/pdfs/2021/UNOOSA_annual-report-2021.pdf,pdf,,,,PDF_OK,,143952,0,102,,{}
data/raw_muestra/F2_Seguridad_Entorno_Espacial/UNOOSA/pdfs/2021/UNOOSA_st-space-75rev01e.pdf,pdf,,,,PDF_OK,,208087,0,144,,{}
data/raw_muestra/F2_Seguridad_Entorno_Espacial/UNOOSA/pdfs/2022/UNOOSA_annual-report-2022.pdf,pdf,,,,PDF_OK,,136668,0,96,,{}
data/raw_muestra/F2_Seguridad_Entorno_Espacial/UNOOSA/pdfs/2023/UNOOSA_annual-report-2023.pdf,pdf,,,,PDF_OK,,87119,0,41,,{}
data/raw_muestra/F2_Seguridad_Entorno_Espacial/UNOOSA/pdfs/2023/UNOOSA_st-space-073e.pdf,pdf,,,,PDF_OK,,25032,0,28,,{}
data/raw_muestra/F2_Seguridad_Entorno_Espacial/UNOOSA/pdfs/2023/UNOOSA_st-space-084e.pdf,pdf,,,,PDF_OK,,73133,0,43,,{}
data/raw_muestra/F2_Seguridad_Entorno_Espacial/UNOOSA/pdfs/2023/UNOOSA_st-space-085e.pdf,pdf,,,,PDF_OK,,425606,0,118,,{}
data/raw_muestra/F2_Seguridad_Entorno_Espacial/UNOOSA/pdfs/2023/UNOOSA_st-space-091e.pdf,pdf,,,,PDF_OK,,133223,0,57,,{}
data/raw_muestra/F2_Seguridad_Entorno_Espacial/UNOOSA/pdfs/2024/UNOOSA_annual-report-2024.pdf,pdf,,,,PDF_OK,,101087,0,48,,{}
data/raw_muestra/F2_Seguridad_Entorno_Espacial/UNOOSA/pdfs/2024/UNOOSA_st-space-088a.pdf,pdf,,,,PDF_OK,,33611,0,32,,{}
data/raw_muestra/F2_Seguridad_Entorno_Espacial/UNOOSA/pdfs/2024/UNOOSA_st-space-088c.pdf,pdf,,,,PDF_OK,,13014,0,32,,{}
data/raw_muestra/F2_Seguridad_Entorno_Espacial/UNOOSA/pdfs/2024/UNOOSA_st-space-088e.pdf,pdf,,,,PDF_OK,,39348,0,32,,{}
data/raw_muestra/F2_Seguridad_Entorno_Espacial/UNOOSA/pdfs/2024/UNOOSA_st-space-088f.pdf,pdf,,,,PDF_OK,,45499,0,32,,{}
data/raw_muestra/F2_Seguridad_Entorno_Espacial/UNOOSA/pdfs/2024/UNOOSA_st-space-088r.pdf,pdf,,,,PDF_OK,,46572,0,32,,{}
data/raw_muestra/F2_Seguridad_Entorno_Espacial/UNOOSA/pdfs/2024/UNOOSA_st-space-088s.pdf,pdf,,,,PDF_OK,,46910,0,32,,{}
data/raw_muestra/F2_Seguridad_Entorno_Espacial/UNOOSA/pdfs/2024/UNOOSA_st-space-092e.pdf,pdf,,,,PDF_OK,,85827,0,54,,{}
data/raw_muestra/F2_Seguridad_Entorno_Espacial/UNOOSA/pdfs/2024/UNOOSA_st-space-092f.pdf,pdf,,,,PDF_OK,,109342,0,58,,{}
data/raw_muestra/F2_Seguridad_Entorno_Espacial/UNOOSA/pdfs/2025/UNOOSA_ensuring-responsible-ai-in-space-and-earth-observation.pdf,pdf,,,,PDF_OK,,15582,0,8,,{}
data/raw_muestra/F2_Seguridad_Entorno_Espacial/UNOOSA/pdfs/2025/UNOOSA_st-space-089e.pdf,pdf,,,,PDF_OK,,246020,0,118,,{}
data/raw_muestra/F2_Seguridad_Entorno_Espacial/UNOOSA/pdfs/2025/UNOOSA_st-space-095e.pdf,pdf,,,,PDF_OK,,126874,0,76,,{}
data/raw_muestra/F2_Seguridad_Entorno_Espacial/UNOOSA/pdfs/2025/UNOOSA_st-space-096e.pdf,pdf,,,,PDF_OK,,197726,0,94,,{}
data/raw_muestra/F2_Seguridad_Entorno_Espacial/UNOOSA/pdfs/2025/UNOOSA_st-space-61rev03a.pdf,pdf,,,,PDF_OK,,251828,0,103,,{}
data/raw_muestra/F2_Seguridad_Entorno_Espacial/UNOOSA/pdfs/2025/UNOOSA_st-space-61rev03c.pdf,pdf,,,,PDF_OK,,75079,0,85,,{}
data/raw_muestra/F2_Seguridad_Entorno_Espacial/UNOOSA/pdfs/2025/UNOOSA_st-space-61rev03e.pdf,pdf,,,,PDF_OK,,271372,0,138,,{}
data/raw_muestra/F2_Seguridad_Entorno_Espacial/UNOOSA/pdfs/2025/UNOOSA_st-space-61rev03f.pdf,pdf,,,,PDF_OK,,316240,0,106,,{}
data/raw_muestra/F2_Seguridad_Entorno_Espacial/UNOOSA/pdfs/2025/UNOOSA_st-space-61rev03r.pdf,pdf,,,,PDF_OK,,307530,0,123,,{}
data/raw_muestra/F2_Seguridad_Entorno_Espacial/UNOOSA/pdfs/2025/UNOOSA_st-space-61rev03s.pdf,pdf,,,,PDF_OK,,316380,0,115,,{}
data/raw_muestra/F2_Seguridad_Entorno_Espacial/UNOOSA/pdfs/2026/UNOOSA_extracts-from-the-icg-reports-edited-13-04-2026.pdf,pdf,,,,PDF_OK,,240959,0,92,,{}
data/raw_muestra/F2_Seguridad_Entorno_Espacial/UNOOSA/pdfs/2026/UNOOSA_icg-working-groups-recommendations-2026-03-27.pdf,pdf,,,,PDF_OK,,444078,0,326,,{}
data/raw_muestra/F2_Seguridad_Entorno_Espacial/UNOOSA/pdfs/2026/UNOOSA_safeguarding-space-issues-note-final.pdf,pdf,,,,PDF_OK,,42497,0,13,,{}
data/raw_muestra/F2_Seguridad_Entorno_Espacial/UNOOSA/pdfs/Otros/UNOOSA_performance-standards-guidelines-v2.0-final.pdf,pdf,,,,PDF_OK,,13122,0,10,,{}
data/raw_muestra/F3_Dinamicas_Territoriales/Alertas_Tempranas/pdfs/Informes/ALERTAS_informes001.pdf,pdf,,,,PDF_ESCANEADO,,0,0,11,,{}
data/raw_muestra/F3_Dinamicas_Territoriales/Alertas_Tempranas/pdfs/Informes/ALERTAS_informes002.pdf,pdf,,,,PDF_OK,,27279,0,9,,{}
data/raw_muestra/F3_Dinamicas_Territoriales/Alertas_Tempranas/pdfs/Informes/ALERTAS_informes003.pdf,pdf,,,,PDF_OK,,47791,0,13,,{}
data/raw_muestra/F3_Dinamicas_Territoriales/Alertas_Tempranas/pdfs/Informes/ALERTAS_informes004.pdf,pdf,,,,PDF_OK,,37521,0,14,,{}
data/raw_muestra/F3_Dinamicas_Territoriales/Alertas_Tempranas/pdfs/Informes/ALERTAS_informes005.pdf,pdf,,,,PDF_OK,,58677,0,14,,{}
data/raw_muestra/F3_Dinamicas_Territoriales/Alertas_Tempranas/pdfs/Informes/ALERTAS_informes006.pdf,pdf,,,,PDF_ESCANEADO,,0,0,2,,{}
data/raw_muestra/F3_Dinamicas_Territoriales/Alertas_Tempranas/pdfs/Informes/ALERTAS_informes007.pdf,pdf,,,,PDF_ESCANEADO,,0,0,38,,{}
data/raw_muestra/F3_Dinamicas_Territoriales/Alertas_Tempranas/pdfs/Informes/ALERTAS_informes008.pdf,pdf,,,,PDF_ESCANEADO,,0,0,17,,{}
data/raw_muestra/F3_Dinamicas_Territoriales/Alertas_Tempranas/pdfs/Informes/ALERTAS_informes009.pdf,pdf,,,,PDF_ESCANEADO,,0,0,2,,{}
data/raw_muestra/F3_Dinamicas_Territoriales/Alertas_Tempranas/pdfs/Informes/ALERTAS_informes010.pdf,pdf,,,,PDF_ESCANEADO,,0,0,19,,{}
data/raw_muestra/F3_Dinamicas_Territoriales/Alertas_Tempranas/pdfs/Informes/ALERTAS_informes011.pdf,pdf,,,,PDF_ESCANEADO,,0,0,2,,{}
data/raw_muestra/F3_Dinamicas_Territoriales/Alertas_Tempranas/pdfs/Informes/ALERTAS_informes012.pdf,pdf,,,,PDF_ESCANEADO,,0,0,27,,{}
data/raw_muestra/F3_Dinamicas_Territoriales/Alertas_Tempranas/pdfs/Informes/ALERTAS_informes013.pdf,pdf,,,,PDF_ESCANEADO,,0,0,2,,{}
data/raw_muestra/F3_Dinamicas_Territoriales/Alertas_Tempranas/pdfs/Informes/ALERTAS_informes014.pdf,pdf,,,,PDF_ESCANEADO,,0,0,27,,{}
data/raw_muestra/F3_Dinamicas_Territoriales/Alertas_Tempranas/pdfs/Informes/ALERTAS_informes015.pdf,pdf,,,,PDF_ESCANEADO,,0,0,2,,{}
data/raw_muestra/F3_Dinamicas_Territoriales/Alertas_Tempranas/pdfs/Informes/ALERTAS_informes016.pdf,pdf,,,,PDF_ESCANEADO,,0,0,8,,{}
data/raw_muestra/F3_Dinamicas_Territoriales/Alertas_Tempranas/pdfs/Informes/ALERTAS_informes017.pdf,pdf,,,,PDF_ESCANEADO,,0,0,2,,{}
data/raw_muestra/F3_Dinamicas_Territoriales/Alertas_Tempranas/pdfs/Informes/ALERTAS_informes018.pdf,pdf,,,,PDF_ESCANEADO,,0,0,24,,{}
data/raw_muestra/F3_Dinamicas_Territoriales/Alertas_Tempranas/pdfs/Informes/ALERTAS_informes019.pdf,pdf,,,,PDF_ESCANEADO,,0,0,14,,{}
data/raw_muestra/F3_Dinamicas_Territoriales/Alertas_Tempranas/pdfs/Informes/ALERTAS_informes020.pdf,pdf,,,,PDF_ESCANEADO,,0,0,2,,{}
data/raw_muestra/F3_Dinamicas_Territoriales/Alertas_Tempranas/pdfs/Informes/ALERTAS_informes021.pdf,pdf,,,,PDF_ESCANEADO,,0,0,23,,{}
data/raw_muestra/F3_Dinamicas_Territoriales/Alertas_Tempranas/pdfs/Informes/ALERTAS_informes022.pdf,pdf,,,,PDF_ESCANEADO,,0,0,2,,{}
data/raw_muestra/F3_Dinamicas_Territoriales/Alertas_Tempranas/pdfs/Informes/ALERTAS_informes023.pdf,pdf,,,,PDF_OK,,161774,0,77,,{}
data/raw_muestra/F3_Dinamicas_Territoriales/Alertas_Tempranas/pdfs/Informes/ALERTAS_informes024.pdf,pdf,,,,PDF_ESCANEADO,,0,0,2,,{}
data/raw_muestra/F3_Dinamicas_Territoriales/Alertas_Tempranas/pdfs/Informes/ALERTAS_informes025.pdf,pdf,,,,PDF_ESCANEADO,,0,0,16,,{}
data/raw_muestra/F3_Dinamicas_Territoriales/Alertas_Tempranas/pdfs/Informes/ALERTAS_informes026.pdf,pdf,,,,PDF_OK,,73441,0,22,,{}
data/raw_muestra/F3_Dinamicas_Territoriales/Alertas_Tempranas/pdfs/Informes/ALERTAS_informes027.pdf,pdf,,,,PDF_ESCANEADO,,0,0,14,,{}
data/raw_muestra/F3_Dinamicas_Territoriales/Alertas_Tempranas/pdfs/Informes/ALERTAS_informes028.pdf,pdf,,,,PDF_OK,,23734,0,8,,{}
data/raw_muestra/F3_Dinamicas_Territoriales/Alertas_Tempranas/pdfs/Informes/ALERTAS_informes029.pdf,pdf,,,,PDF_ESCANEADO,,0,0,11,,{}
data/raw_muestra/F3_Dinamicas_Territoriales/Alertas_Tempranas/pdfs/Informes/ALERTAS_informes030.pdf,pdf,,,,PDF_OK,,4371,0,2,,{}
data/raw_muestra/F3_Dinamicas_Territoriales/Alertas_Tempranas/pdfs/Informes/ALERTAS_informes031.pdf,pdf,,,,PDF_ESCANEADO,,0,0,2,,{}
data/raw_muestra/F3_Dinamicas_Territoriales/Alertas_Tempranas/pdfs/Informes/ALERTAS_informes032.pdf,pdf,,,,PDF_ESCANEADO,,0,0,2,,{}
data/raw_muestra/F3_Dinamicas_Territoriales/Alertas_Tempranas/pdfs/Informes/ALERTAS_informes033.pdf,pdf,,,,PDF_ESCANEADO,,0,0,36,,{}
data/raw_muestra/F3_Dinamicas_Territoriales/Alertas_Tempranas/pdfs/Informes/ALERTAS_informes034.pdf,pdf,,,,PDF_ESCANEADO,,0,0,17,,{}
data/raw_muestra/F3_Dinamicas_Territoriales/Alertas_Tempranas/pdfs/Informes/ALERTAS_informes035.pdf,pdf,,,,PDF_ESCANEADO,,0,0,29,,{}
data/raw_muestra/F3_Dinamicas_Territoriales/Alertas_Tempranas/pdfs/Informes/ALERTAS_informes036.pdf,pdf,,,,PDF_SIN_OCR,,28,0,22,,{}
data/raw_muestra/F3_Dinamicas_Territoriales/Alertas_Tempranas/pdfs/Informes/ALERTAS_informes037.pdf,pdf,,,,PDF_ESCANEADO,,0,0,2,,{}
data/raw_muestra/F3_Dinamicas_Territoriales/Alertas_Tempranas/pdfs/Informes/ALERTAS_informes038.pdf,pdf,,,,PDF_ESCANEADO,,0,0,2,,{}
data/raw_muestra/F3_Dinamicas_Territoriales/Alertas_Tempranas/pdfs/Informes/ALERTAS_informes039.pdf,pdf,,,,PDF_ESCANEADO,,0,0,29,,{}
data/raw_muestra/F3_Dinamicas_Territoriales/Alertas_Tempranas/pdfs/Informes/ALERTAS_informes040.pdf,pdf,,,,PDF_OK,,5383,0,2,,{}
data/raw_muestra/F3_Dinamicas_Territoriales/Alertas_Tempranas/pdfs/Informes/ALERTAS_informes041.pdf,pdf,,,,PDF_ESCANEADO,,0,0,2,,{}
data/raw_muestra/F3_Dinamicas_Territoriales/Alertas_Tempranas/pdfs/Informes/ALERTAS_informes042.pdf,pdf,,,,PDF_SIN_OCR,,32,0,35,,{}
data/raw_muestra/F3_Dinamicas_Territoriales/Alertas_Tempranas/pdfs/Informes/ALERTAS_informes043.pdf,pdf,,,,PDF_ESCANEADO,,0,0,4,,{}
data/raw_muestra/F3_Dinamicas_Territoriales/Alertas_Tempranas/pdfs/Informes/ALERTAS_informes044.pdf,pdf,,,,PDF_ESCANEADO,,0,0,2,,{}
data/raw_muestra/F3_Dinamicas_Territoriales/Alertas_Tempranas/pdfs/Informes/ALERTAS_informes045.pdf,pdf,,,,PDF_ESCANEADO,,0,0,2,,{}
data/raw_muestra/F3_Dinamicas_Territoriales/Alertas_Tempranas/pdfs/Informes/ALERTAS_informes046.pdf,pdf,,,,PDF_OK,,44923,0,14,,{}
data/raw_muestra/F3_Dinamicas_Territoriales/Alertas_Tempranas/pdfs/Informes/ALERTAS_informes047.pdf,pdf,,,,PDF_ESCANEADO,,0,0,22,,{}
data/raw_muestra/F3_Dinamicas_Territoriales/Alertas_Tempranas/pdfs/Informes/ALERTAS_informes048.pdf,pdf,,,,PDF_ESCANEADO,,0,0,9,,{}
data/raw_muestra/F3_Dinamicas_Territoriales/Alertas_Tempranas/pdfs/Informes/ALERTAS_informes049.pdf,pdf,,,,PDF_ESCANEADO,,0,0,19,,{}
data/raw_muestra/F3_Dinamicas_Territoriales/Alertas_Tempranas/pdfs/Informes/ALERTAS_informes050.pdf,pdf,,,,PDF_OK,,71627,0,25,,{}
data/raw_muestra/F3_Dinamicas_Territoriales/Alertas_Tempranas/pdfs/Informes/ALERTAS_informes051.pdf,pdf,,,,PDF_ESCANEADO,,0,0,2,,{}
data/raw_muestra/F3_Dinamicas_Territoriales/Alertas_Tempranas/pdfs/Informes/ALERTAS_informes052.pdf,pdf,,,,PDF_OK,,20548,0,7,,{}
data/raw_muestra/F3_Dinamicas_Territoriales/Alertas_Tempranas/pdfs/Informes/ALERTAS_informes053.pdf,pdf,,,,PDF_ESCANEADO,,0,0,2,,{}
data/raw_muestra/F3_Dinamicas_Territoriales/Alertas_Tempranas/pdfs/Informes/ALERTAS_informes054.pdf,pdf,,,,PDF_OK,,66059,0,23,,{}
data/raw_muestra/F3_Dinamicas_Territoriales/Alertas_Tempranas/pdfs/Informes/ALERTAS_informes055.pdf,pdf,,,,PDF_ESCANEADO,,0,0,2,,{}
data/raw_muestra/F3_Dinamicas_Territoriales/Alertas_Tempranas/pdfs/Informes/ALERTAS_informes056.pdf,pdf,,,,PDF_ESCANEADO,,0,0,19,,{}
data/raw_muestra/F3_Dinamicas_Territoriales/Alertas_Tempranas/pdfs/Informes/ALERTAS_informes057.pdf,pdf,,,,PDF_ESCANEADO,,0,0,2,,{}
data/raw_muestra/F3_Dinamicas_Territoriales/Alertas_Tempranas/pdfs/Informes/ALERTAS_informes058.pdf,pdf,,,,PDF_ESCANEADO,,0,0,16,,{}
data/raw_muestra/F3_Dinamicas_Territoriales/Alertas_Tempranas/pdfs/Informes/ALERTAS_informes059.pdf,pdf,,,,PDF_OK,,60567,0,23,,{}
data/raw_muestra/F3_Dinamicas_Territoriales/Alertas_Tempranas/pdfs/Informes/ALERTAS_informes060.pdf,pdf,,,,PDF_OK,,31027,0,11,,{}
data/raw_muestra/F3_Dinamicas_Territoriales/Alertas_Tempranas/pdfs/Informes/ALERTAS_informes061.pdf,pdf,,,,PDF_ESCANEADO,,0,0,32,,{}
data/raw_muestra/F3_Dinamicas_Territoriales/Alertas_Tempranas/pdfs/Informes/ALERTAS_informes062.pdf,pdf,,,,PDF_ESCANEADO,,0,0,27,,{}
data/raw_muestra/F3_Dinamicas_Territoriales/CEOBS/ceobs_data/pdfs/CEOBS_rome-statute-eng.pdf,pdf,,,,PDF_OK,,205692,0,89,,{}
data/raw_muestra/F3_Dinamicas_Territoriales/CEOBS/pdfs_full/2025/CEOBS_7b5c64be-en-mines-risk-analysis-black-sea.pdf,pdf,,,,PDF_OK,,22744,0,10,,{}
data/raw_muestra/F3_Dinamicas_Territoriales/CEOBS/pdfs_full/2025/CEOBS_8997-artisanal-gold-mining-camps-in-the-butana-eastern-sudan-as-migration-hubs.pdf,pdf,,,,PDF_OK,,13462,0,4,,{}
data/raw_muestra/F3_Dinamicas_Territoriales/CEOBS/pdfs_full/2025/CEOBS_9.vol18-3-arda.pdf,pdf,,,,PDF_OK,,25394,0,12,,{}
data/raw_muestra/F3_Dinamicas_Territoriales/CEOBS/pdfs_full/2025/CEOBS_eprs-bri2025767238-en.pdf,pdf,,,,PDF_OK,,23197,0,8,,{}
data/raw_muestra/F3_Dinamicas_Territoriales/CEOBS/pdfs_full/2025/CEOBS_minamata-convention-initial-assessment-for-sudan.pdf,pdf,,,,PDF_OK,,2828104,0,179,,{}
data/raw_muestra/F3_Dinamicas_Territoriales/CEOBS/pdfs_full/2025/CEOBS_rccc-country-profiles-sudan-2024-final.pdf,pdf,,,,PDF_OK,,36556,0,13,,{}
data/raw_muestra/F3_Dinamicas_Territoriales/CEOBS/pdfs_full/2025/CEOBS_reevesnotarbartolo2006.pdf,pdf,,,,PDF_OK,,363501,0,142,,{}
data/raw_muestra/F3_Dinamicas_Territoriales/CEOBS/pdfs_full/2025/CEOBS_sc16.doc27-final-report-of-the-sc16.pdf,pdf,,,,PDF_OK,,325213,0,127,,{}
data/raw_muestra/F3_Dinamicas_Territoriales/CEOBS/pdfs_full/2026/CEOBS_0313-summary.pdf,pdf,,,,PDF_OK,,15450,0,7,,{}
data/raw_muestra/F3_Dinamicas_Territoriales/CEOBS/pdfs_full/2026/CEOBS_2026032506514742771268534.pdf,pdf,,,,PDF_OK,,14945,0,11,,{}
data/raw_muestra/F3_Dinamicas_Territoriales/CEOBS/pdfs_full/2026/CEOBS_ej1083597.pdf,pdf,,,,PDF_OK,,41154,0,10,,{}
data/raw_muestra/F3_Dinamicas_Territoriales/CEOBS/pdfs_full/2026/CEOBS_green-field-tool-user-guidance-march-2025.pdf,pdf,,,,PDF_OK,,138291,0,42,,{}
data/raw_muestra/F3_Dinamicas_Territoriales/CEOBS/pdfs_full/2026/CEOBS_initiatives-support-ukraine-list.pdf,pdf,,,,PDF_OK,,61642,0,22,,{}
data/raw_muestra/F3_Dinamicas_Territoriales/CEOBS/pdfs_full/2026/CEOBS_open-letter-ukraine-all-alliances-updated-070525.pdf,pdf,,,,PDF_OK,,4227,0,2,,{}
data/raw_muestra/F3_Dinamicas_Territoriales/CEOBS/pdfs_full/2026/CEOBS_priority-pollutant-list-epa.pdf,pdf,,,,PDF_OK,,3275,0,2,,{}
data/raw_muestra/F3_Dinamicas_Territoriales/CEOBS/pdfs_full/2026/CEOBS_report-ukraine-2024-1.pdf,pdf,,,,PDF_OK,,79645,0,40,,{}
data/raw_muestra/F3_Dinamicas_Territoriales/MAPP_OEA/oea/mapp_oea_informes/eng/MAPPOEA_37informesemestralmappoeaeng.pdf,pdf,,,,PDF_OK,,145685,0,42,,{}
data/raw_muestra/F3_Dinamicas_Territoriales/MAPP_OEA/oea/mapp_oea_informes/eng/MAPPOEA_cp51877ecp-1.pdf,pdf,,,,PDF_OK,,134453,0,36,,{}
data/raw_muestra/F3_Dinamicas_Territoriales/MAPP_OEA/pdfs/2008/MAPPOEA_2008-la-memoria-como-forma-de-resistencia-de-los-arhuacos.pdf,pdf,,,,PDF_OK,,106737,0,94,,{}
data/raw_muestra/F3_Dinamicas_Territoriales/MAPP_OEA/pdfs/2008/MAPPOEA_2008-las-madres-de-la-candelaria.pdf,pdf,,,,PDF_OK,,221373,0,178,,{}
data/raw_muestra/F3_Dinamicas_Territoriales/MAPP_OEA/pdfs/2008/MAPPOEA_2008-una-experiencia-de-justicia-comunitaria-conciliemos.pdf,pdf,,,,PDF_OK,,139258,0,106,,{}
data/raw_muestra/F3_Dinamicas_Territoriales/MAPP_OEA/pdfs/2010/MAPPOEA_2010-acompanando-una-oportunidad-para-la-paz.pdf,pdf,,,,PDF_OK,,78265,0,28,,{}
data/raw_muestra/F3_Dinamicas_Territoriales/MAPP_OEA/pdfs/2011/MAPPOEA_2011-diagnostico-de-justicia-y-paz-en-el-marco-de-la-justicia-transicional-en-col.-1.pdf,pdf,,,,PDF_OK,,790748,0,259,,{}
data/raw_muestra/F3_Dinamicas_Territoriales/MAPP_OEA/pdfs/2011/MAPPOEA_2011-identidad-e-imagenes.-sabaletas-un-pueblo-con-memoria-1-compressed.pdf,pdf,,,,PDF_OK,,92567,0,124,,{}
data/raw_muestra/F3_Dinamicas_Territoriales/MAPP_OEA/pdfs/2012/MAPPOEA_2012-ddr-intervenciones-especificas-para-las-mujeres-2009-2010.pdf,pdf,,,,PDF_OK,,77587,0,22,,{}
data/raw_muestra/F3_Dinamicas_Territoriales/MAPP_OEA/pdfs/2013/MAPPOEA_2013-la-restitucion-de-tierras-en-la-ley-975-de-2005-compressed-1.pdf,pdf,,,,PDF_OK,,229605,0,125,,{}
data/raw_muestra/F3_Dinamicas_Territoriales/MAPP_OEA/pdfs/2013/MAPPOEA_2013-plan-de-choque-para-la-restitucion-y-formalizacion-de-tierras-en-col.-compressed.pdf,pdf,,,,PDF_OK,,140349,0,54,,{}
data/raw_muestra/F3_Dinamicas_Territoriales/MAPP_OEA/pdfs/2014/MAPPOEA_2014-conversatorios-sobre-restitucion-de-tierras-y-territorios-compressed.pdf,pdf,,,,PDF_OK,,250857,0,126,,{}
data/raw_muestra/F3_Dinamicas_Territoriales/MAPP_OEA/pdfs/2016/MAPPOEA_2016-la-prueba-social-y-de-contexto.pdf,pdf,,,,PDF_OK,,193053,0,102,,{}
data/raw_muestra/F3_Dinamicas_Territoriales/MAPP_OEA/pdfs/2018/MAPPOEA_xxiii-informe-esp.pdf,pdf,,,,PDF_OK,,182374,0,45,,{}
data/raw_muestra/F3_Dinamicas_Territoriales/MAPP_OEA/pdfs/2019/MAPPOEA_xxv-informe-semestral-version-oficial-cp40544s03.pdf,pdf,,,,PDF_OK,,148675,0,36,,{}
data/raw_muestra/F3_Dinamicas_Territoriales/MAPP_OEA/pdfs/2019/MAPPOEA_xxvi-informe-semestral-mappoea.pdf,pdf,,,,PDF_OK,,132175,0,34,,{}
data/raw_muestra/F3_Dinamicas_Territoriales/MAPP_OEA/pdfs/2019/MAPPOEA_xxvii-informe-semestral-espanol.pdf,pdf,,,,PDF_OK,,146583,0,39,,{}
data/raw_muestra/F3_Dinamicas_Territoriales/MAPP_OEA/pdfs/2020/MAPPOEA_manual-para-la-participacion-de-las-victimas-ante-la-jep-version-corta.pdf,pdf,,,,PDF_OK,,166621,0,77,,{}
data/raw_muestra/F3_Dinamicas_Territoriales/MAPP_OEA/pdfs/2020/MAPPOEA_xxix-informe-semestral.pdf,pdf,,,,PDF_OK,,172510,0,42,,{}
data/raw_muestra/F3_Dinamicas_Territoriales/MAPP_OEA/pdfs/2020/MAPPOEA_xxviii-informe-semestral-espanol.pdf,pdf,,,,PDF_OK,,142411,0,38,,{}
data/raw_muestra/F3_Dinamicas_Territoriales/MAPP_OEA/pdfs/2021/MAPPOEA_xxx-informe-semestral.pdf,pdf,,,,PDF_OK,,161412,0,39,,{}
data/raw_muestra/F3_Dinamicas_Territoriales/MAPP_OEA/pdfs/2022/MAPPOEA_informe-semestral-xxxii-mappoea.pdf,pdf,,,,PDF_OK,,174816,0,38,,{}
data/raw_muestra/F3_Dinamicas_Territoriales/MAPP_OEA/pdfs/2022/MAPPOEA_informe-semestral-xxxiii-mappoea.pdf,pdf,,,,PDF_OK,,149336,0,35,,{}
data/raw_muestra/F3_Dinamicas_Territoriales/MAPP_OEA/pdfs/2022/MAPPOEA_xxxi-informe-semestral-mappoea.pdf,pdf,,,,PDF_OK,,170374,0,47,,{}
data/raw_muestra/F3_Dinamicas_Territoriales/MAPP_OEA/pdfs/2023/MAPPOEA_informe-mappoea-35.pdf,pdf,,,,PDF_OK,,159123,0,36,,{}
data/raw_muestra/F3_Dinamicas_Territoriales/MAPP_OEA/pdfs/2023/MAPPOEA_informe-xxxiv-esp-1.pdf,pdf,,,,PDF_OK,,173692,0,40,,{}
data/raw_muestra/F3_Dinamicas_Territoriales/MAPP_OEA/pdfs/2023/MAPPOEA_revista-mappoea-15-anos-hechos-de-paz-1pag-1.pdf,pdf,,,,PDF_OK,,160707,0,84,,{}
data/raw_muestra/F3_Dinamicas_Territoriales/MAPP_OEA/pdfs/2024/MAPPOEA_informe-semestral-36-mappoea-1.pdf,pdf,,,,PDF_OK,,150674,0,36,,{}
data/raw_muestra/F3_Dinamicas_Territoriales/MAPP_OEA/pdfs/2025/MAPPOEA_37informesemestralmappoeaesp.pdf,pdf,,,,PDF_OK,,150348,0,39,,{}
data/raw_muestra/F3_Dinamicas_Territoriales/MAPP_OEA/pdfs/2025/MAPPOEA_cp-informe-mappoea-39-esp.pdf,pdf,,,,PDF_OK,,132686,0,38,,{}
data/raw_muestra/F3_Dinamicas_Territoriales/MAPP_OEA/pdfs/2025/MAPPOEA_cp51877scp-1.pdf,pdf,,,,PDF_OK,,134708,0,39,,{}
data/raw_muestra/F3_Dinamicas_Territoriales/MAPP_OEA/pdfs/2025/MAPPOEA_desafios-de-gestion-del-conocimiento-para-la-construccion-de-paz-af.pdf,pdf,,,,PDF_OK,,141990,0,73,,{}
data/raw_muestra/F3_Dinamicas_Territoriales/MAPP_OEA/pdfs/2026/MAPPOEA_informe-periodico-40-esp-1-1.pdf,pdf,,,,PDF_OK,,107027,0,32,,{}
data/raw_muestra/F3_Dinamicas_Territoriales/RESDAL/pdfs/Atlas_2024/RESDAL_0-esp-primeraslaregion.pdf,pdf,,,,PDF_OK,,37864,0,12,,{}
data/raw_muestra/F3_Dinamicas_Territoriales/RESDAL/pdfs/Atlas_2024/RESDAL_01-esp-el-marco-legal.pdf,pdf,,,,PDF_OK,,90372,0,14,,{}
data/raw_muestra/F3_Dinamicas_Territoriales/RESDAL/pdfs/Atlas_2024/RESDAL_02-esp-las-instituciones.pdf,pdf,,,,PDF_OK,,27468,0,8,,{}
data/raw_muestra/F3_Dinamicas_Territoriales/RESDAL/pdfs/Atlas_2024/RESDAL_03-esp-elpresupuesto.pdf,pdf,,,,PDF_OK,,4935,0,4,,{}
data/raw_muestra/F3_Dinamicas_Territoriales/RESDAL/pdfs/Atlas_2024/RESDAL_04-esp-lasfuerzasarmadas.pdf,pdf,,,,PDF_OK,,21883,0,8,,{}
data/raw_muestra/F3_Dinamicas_Territoriales/RESDAL/pdfs/Atlas_2024/RESDAL_05-esp-relacionesinternacionales.pdf,pdf,,,,PDF_OK,,50648,0,12,,{}
data/raw_muestra/F3_Dinamicas_Territoriales/RESDAL/pdfs/Atlas_2024/RESDAL_06-esp-mujerpazyseguridad.pdf,pdf,,,,PDF_OK,,38712,0,10,,{}
data/raw_muestra/F3_Dinamicas_Territoriales/RESDAL/pdfs/Atlas_2024/RESDAL_07-esp-gestiondelriesgoyemergencias.pdf,pdf,,,,PDF_OK,,42238,0,8,,{}
data/raw_muestra/F3_Dinamicas_Territoriales/RESDAL/pdfs/Atlas_2024/RESDAL_08-esp-caribe.pdf,pdf,,,,PDF_OK,,79581,0,16,,{}
data/raw_muestra/F3_Dinamicas_Territoriales/RESDAL/pdfs/Atlas_2024/RESDAL_10-esp-bolivia.pdf,pdf,,,,PDF_OK,,23495,0,6,,{}
data/raw_muestra/F3_Dinamicas_Territoriales/RESDAL/pdfs/Atlas_2024/RESDAL_11-esp-brasil.pdf,pdf,,,,PDF_OK,,52746,0,10,,{}
data/raw_muestra/F3_Dinamicas_Territoriales/RESDAL/pdfs/Atlas_2024/RESDAL_12-esp-chile.pdf,pdf,,,,PDF_OK,,34560,0,8,,{}
data/raw_muestra/F3_Dinamicas_Territoriales/RESDAL/pdfs/Atlas_2024/RESDAL_13-esp-colombia.pdf,pdf,,,,PDF_OK,,41287,0,8,,{}
data/raw_muestra/F3_Dinamicas_Territoriales/RESDAL/pdfs/Atlas_2024/RESDAL_14-esp-costa-rica.pdf,pdf,,,,PDF_OK,,36174,0,8,,{}
data/raw_muestra/F3_Dinamicas_Territoriales/RESDAL/pdfs/Atlas_2024/RESDAL_15-esp-cuba.pdf,pdf,,,,PDF_OK,,29570,0,6,,{}
data/raw_muestra/F3_Dinamicas_Territoriales/RESDAL/pdfs/Atlas_2024/RESDAL_16-esp-ecuador.pdf,pdf,,,,PDF_OK,,30234,0,8,,{}
data/raw_muestra/F3_Dinamicas_Territoriales/RESDAL/pdfs/Atlas_2024/RESDAL_17-esp-elsalvador.pdf,pdf,,,,PDF_OK,,21756,0,6,,{}
data/raw_muestra/F3_Dinamicas_Territoriales/RESDAL/pdfs/Atlas_2024/RESDAL_18-esp-guatemala.pdf,pdf,,,,PDF_OK,,27271,0,8,,{}
data/raw_muestra/F3_Dinamicas_Territoriales/RESDAL/pdfs/Atlas_2024/RESDAL_19-esp-haiti.pdf,pdf,,,,PDF_OK,,12287,0,4,,{}
data/raw_muestra/F3_Dinamicas_Territoriales/RESDAL/pdfs/Atlas_2024/RESDAL_20-esp-honduras.pdf,pdf,,,,PDF_OK,,22679,0,6,,{}
data/raw_muestra/F3_Dinamicas_Territoriales/RESDAL/pdfs/Atlas_2024/RESDAL_21-esp-mexico.pdf,pdf,,,,PDF_OK,,54559,0,10,,{}
data/raw_muestra/F3_Dinamicas_Territoriales/RESDAL/pdfs/Atlas_2024/RESDAL_22-esp-nicaragua.pdf,pdf,,,,PDF_OK,,25005,0,6,,{}
data/raw_muestra/F3_Dinamicas_Territoriales/RESDAL/pdfs/Atlas_2024/RESDAL_23-esp-panama.pdf,pdf,,,,PDF_OK,,28672,0,8,,{}
data/raw_muestra/F3_Dinamicas_Territoriales/RESDAL/pdfs/Atlas_2024/RESDAL_24-esp-paraguay.pdf,pdf,,,,PDF_OK,,35421,0,8,,{}
data/raw_muestra/F3_Dinamicas_Territoriales/RESDAL/pdfs/Atlas_2024/RESDAL_25-esp-peru.pdf,pdf,,,,PDF_OK,,34088,0,8,,{}
data/raw_muestra/F3_Dinamicas_Territoriales/RESDAL/pdfs/Atlas_2024/RESDAL_26-esp-republica-dominicana.pdf,pdf,,,,PDF_OK,,37757,0,8,,{}
data/raw_muestra/F3_Dinamicas_Territoriales/RESDAL/pdfs/Atlas_2024/RESDAL_27-esp-uruguay.pdf,pdf,,,,PDF_OK,,33873,0,8,,{}
data/raw_muestra/F3_Dinamicas_Territoriales/RESDAL/pdfs/Atlas_2024/RESDAL_28-esp-venezuela.pdf,pdf,,,,PDF_OK,,39212,0,9,,{}
data/raw_muestra/F3_Dinamicas_Territoriales/RESDAL/pdfs/Atlas_2024/RESDAL_9-esp-argentina.pdf,pdf,,,,PDF_OK,,40018,0,8,,{}
data/raw_muestra/F3_Dinamicas_Territoriales/RESDAL/pdfs/Atlas_2024/RESDAL_atlas-2024-esp.pdf,pdf,,,,PDF_OK,,1066697,0,250,,{}
data/raw_muestra/F3_Dinamicas_Territoriales/RESDAL/pdfs/Atlas_2024/RESDAL_esp-lospaises.pdf,pdf,,,,PDF_OK,,10808,0,3,,{}
data/raw_muestra/F3_Dinamicas_Territoriales/RESDAL/pdfs/Atlas_2024/RESDAL_mpys-01-culturaorganizacional.pdf,pdf,,,,PDF_OK,,25869,0,11,,{}
data/raw_muestra/F3_Dinamicas_Territoriales/RESDAL/pdfs/Atlas_Anteriores/RESDAL_atlas-2005-esp.pdf,pdf,,,,PDF_OK,,861951,0,293,,{}
data/raw_muestra/F3_Dinamicas_Territoriales/RESDAL/pdfs/Atlas_Anteriores/RESDAL_atlas-2012-ing-completo.pdf,pdf,,,,PDF_OK,,1111814,0,264,,{}
data/raw_muestra/F3_Dinamicas_Territoriales/RESDAL/pdfs/Atlas_Anteriores/RESDAL_atlas-completo-2.pdf,pdf,,,,PDF_OK,,895614,0,312,,{}
data/raw_muestra/F3_Dinamicas_Territoriales/RESDAL/pdfs/Atlas_Anteriores/RESDAL_atlas-completo.pdf,pdf,,,,PDF_OK,,900717,0,308,,{}
data/raw_muestra/F3_Dinamicas_Territoriales/RESDAL/pdfs/Atlas_Anteriores/RESDAL_atlas-completo2010-ingles.pdf,pdf,,,,PDF_OK,,1214337,0,313,,{}
data/raw_muestra/F3_Dinamicas_Territoriales/RESDAL/pdfs/Publicaciones/RESDAL_acoso-y-ab-sex-en-instituciones-de-defensa.pdf,pdf,,,,PDF_OK,,218229,0,78,,{}
data/raw_muestra/F3_Dinamicas_Territoriales/RESDAL/pdfs/Publicaciones/RESDAL_boletin-covid-3-esp.pdf,pdf,,,,PDF_OK,,141115,0,32,,{}
data/raw_muestra/F3_Dinamicas_Territoriales/RESDAL/pdfs/Publicaciones/RESDAL_boletincovidi.pdf,pdf,,,,PDF_OK,,38534,0,15,,{}
data/raw_muestra/F3_Dinamicas_Territoriales/RESDAL/pdfs/Publicaciones/RESDAL_collaborative-research-report-2021-13828.pdf,pdf,,,,PDF_OK,,80488,0,28,,{}
data/raw_muestra/F3_Dinamicas_Territoriales/RESDAL/pdfs/Publicaciones/RESDAL_contemplating-trends-for-2023-in-security-and-democracy-a-cross-regional-collaboration-wit.pdf,pdf,,,,PDF_OK,,40833,0,16,,{}
data/raw_muestra/F3_Dinamicas_Territoriales/RESDAL/pdfs/Publicaciones/RESDAL_newsletter-covid-n2-eng-final.pdf,pdf,,,,PDF_OK,,66493,0,25,,{}
data/raw_muestra/F3_Dinamicas_Territoriales/RESDAL/pdfs/Publicaciones/RESDAL_policy-brief-mena-final.pdf,pdf,,,,PDF_OK,,37053,0,11,,{}
data/raw_muestra/F3_Dinamicas_Territoriales/RESDAL/pdfs/Publicaciones/RESDAL_uruguay-elsie-barrier-version-final.pdf,pdf,,,,PDF_OK,,287082,0,104,,{}
data/raw_muestra/F3_Dinamicas_Territoriales/RESDAL/pdfs/Publicaciones/RESDAL_uruguay-elsie-mowip-english-final-0.pdf,pdf,,,,PDF_OK,,249881,0,98,,{}
data/raw_muestra/F3_Dinamicas_Territoriales/RESDAL/resdal_atlas/2014_eng/RESDAL_2014-complete2.pdf,pdf,,,,PDF_OK,,1109990,0,272,,{}
data/raw_muestra/F3_Dinamicas_Territoriales/RESDAL/resdal_atlas/2014_eng/RESDAL_atlas-2014-chapter-00-theregion2.pdf,pdf,,,,PDF_OK,,19675,0,6,,{}
data/raw_muestra/F3_Dinamicas_Territoriales/RESDAL/resdal_atlas/2014_eng/RESDAL_atlas-2014-chapter-000-presentation2.pdf,pdf,,,,PDF_OK,,11884,0,6,,{}
data/raw_muestra/F3_Dinamicas_Territoriales/RESDAL/resdal_atlas/2014_eng/RESDAL_atlas-2014-chapter-01-thelegalframework2.pdf,pdf,,,,PDF_OK,,68241,0,10,,{}
data/raw_muestra/F3_Dinamicas_Territoriales/RESDAL/resdal_atlas/2014_eng/RESDAL_atlas-2014-chapter-02-theinstitutions2.pdf,pdf,,,,PDF_OK,,34195,0,10,,{}
data/raw_muestra/F3_Dinamicas_Territoriales/RESDAL/resdal_atlas/2014_eng/RESDAL_atlas-2014-chapter-03-thebudgets2.pdf,pdf,,,,PDF_OK,,8227,0,4,,{}
data/raw_muestra/F3_Dinamicas_Territoriales/RESDAL/resdal_atlas/2014_eng/RESDAL_atlas-2014-chapter-04-politicaldefinitions2.pdf,pdf,,,,PDF_OK,,34163,0,8,,{}
data/raw_muestra/F3_Dinamicas_Territoriales/RESDAL/resdal_atlas/2014_eng/RESDAL_atlas-2014-chapter-05-hemisphericrelations2.pdf,pdf,,,,PDF_OK,,50475,0,12,,{}
data/raw_muestra/F3_Dinamicas_Territoriales/RESDAL/resdal_atlas/2014_eng/RESDAL_atlas-2014-chapter-06-education2.pdf,pdf,,,,PDF_OK,,10088,0,4,,{}
data/raw_muestra/F3_Dinamicas_Territoriales/RESDAL/resdal_atlas/2014_eng/RESDAL_atlas-2014-chapter-07-thearmedforces2.pdf,pdf,,,,PDF_OK,,25271,0,8,,{}
data/raw_muestra/F3_Dinamicas_Territoriales/RESDAL/resdal_atlas/2014_eng/RESDAL_atlas-2014-chapter-08-defenceandnationalandinternationalcommunity22.pdf,pdf,,,,PDF_OK,,116654,0,20,,{}
data/raw_muestra/F3_Dinamicas_Territoriales/RESDAL/resdal_atlas/2014_eng/RESDAL_atlas-2014-chapter-09-specialsection-thecaribbean2.pdf,pdf,,,,PDF_OK,,92021,0,24,,{}
data/raw_muestra/F3_Dinamicas_Territoriales/RESDAL/resdal_atlas/2014_eng/RESDAL_atlas-2014-chapter-10-thecasesofcostaricahaitiandpanama22.pdf,pdf,,,,PDF_OK,,47824,0,13,,{}
data/raw_muestra/F3_Dinamicas_Territoriales/RESDAL/resdal_atlas/2014_eng/RESDAL_atlas-2014-chapter-11-argentina2.pdf,pdf,,,,PDF_OK,,34773,0,8,,{}
data/raw_muestra/F3_Dinamicas_Territoriales/RESDAL/resdal_atlas/2014_eng/RESDAL_atlas-2014-chapter-12-bolivia2.pdf,pdf,,,,PDF_OK,,28807,0,8,,{}
data/raw_muestra/F3_Dinamicas_Territoriales/RESDAL/resdal_atlas/2014_eng/RESDAL_atlas-2014-chapter-13-brazil2.pdf,pdf,,,,PDF_OK,,51716,0,10,,{}
data/raw_muestra/F3_Dinamicas_Territoriales/RESDAL/resdal_atlas/2014_eng/RESDAL_atlas-2014-chapter-14-chile2.pdf,pdf,,,,PDF_OK,,29639,0,8,,{}
data/raw_muestra/F3_Dinamicas_Territoriales/RESDAL/resdal_atlas/2014_eng/RESDAL_atlas-2014-chapter-15-colombia2.pdf,pdf,,,,PDF_OK,,33186,0,8,,{}
data/raw_muestra/F3_Dinamicas_Territoriales/RESDAL/resdal_atlas/2014_eng/RESDAL_atlas-2014-chapter-16-cuba22.pdf,pdf,,,,PDF_OK,,28072,0,6,,{}
data/raw_muestra/F3_Dinamicas_Territoriales/RESDAL/resdal_atlas/2014_eng/RESDAL_atlas-2014-chapter-17-dominicanrepublic2.pdf,pdf,,,,PDF_OK,,29757,0,8,,{}
data/raw_muestra/F3_Dinamicas_Territoriales/RESDAL/resdal_atlas/2014_eng/RESDAL_atlas-2014-chapter-18-ecuador2.pdf,pdf,,,,PDF_OK,,26615,0,8,,{}
data/raw_muestra/F3_Dinamicas_Territoriales/RESDAL/resdal_atlas/2014_eng/RESDAL_atlas-2014-chapter-19-el-salvador2.pdf,pdf,,,,PDF_OK,,27552,0,8,,{}
data/raw_muestra/F3_Dinamicas_Territoriales/RESDAL/resdal_atlas/2014_eng/RESDAL_atlas-2014-chapter-20-guatemala2.pdf,pdf,,,,PDF_OK,,27905,0,8,,{}
data/raw_muestra/F3_Dinamicas_Territoriales/RESDAL/resdal_atlas/2014_eng/RESDAL_atlas-2014-chapter-21-honduras2.pdf,pdf,,,,PDF_OK,,28378,0,8,,{}
data/raw_muestra/F3_Dinamicas_Territoriales/RESDAL/resdal_atlas/2014_eng/RESDAL_atlas-2014-chapter-22-mexico2.pdf,pdf,,,,PDF_OK,,47352,0,10,,{}
data/raw_muestra/F3_Dinamicas_Territoriales/RESDAL/resdal_atlas/2014_eng/RESDAL_atlas-2014-chapter-23-nicaragua2.pdf,pdf,,,,PDF_OK,,32103,0,8,,{}
data/raw_muestra/F3_Dinamicas_Territoriales/RESDAL/resdal_atlas/2014_eng/RESDAL_atlas-2014-chapter-24-paraguay2.pdf,pdf,,,,PDF_OK,,30455,0,8,,{}
data/raw_muestra/F3_Dinamicas_Territoriales/RESDAL/resdal_atlas/2014_eng/RESDAL_atlas-2014-chapter-25-peru2.pdf,pdf,,,,PDF_OK,,33635,0,8,,{}
data/raw_muestra/F3_Dinamicas_Territoriales/RESDAL/resdal_atlas/2014_eng/RESDAL_atlas-2014-chapter-26-uruguay2.pdf,pdf,,,,PDF_OK,,28963,0,8,,{}
data/raw_muestra/F3_Dinamicas_Territoriales/RESDAL/resdal_atlas/2014_eng/RESDAL_atlas-2014-chapter-27-venezuela22.pdf,pdf,,,,PDF_OK,,35652,0,9,,{}
data/raw_muestra/F3_Dinamicas_Territoriales/RESDAL/resdal_atlas/2016_eng/RESDAL_atlas-2016-ing-0.pdf,pdf,,,,PDF_OK,,20635,0,6,,{}
data/raw_muestra/F3_Dinamicas_Territoriales/RESDAL/resdal_atlas/2016_eng/RESDAL_atlas-2016-ing-00.pdf,pdf,,,,PDF_OK,,15454,0,8,,{}
data/raw_muestra/F3_Dinamicas_Territoriales/RESDAL/resdal_atlas/2016_eng/RESDAL_atlas-2016-ing-01.pdf,pdf,,,,PDF_OK,,86402,0,14,,{}
data/raw_muestra/F3_Dinamicas_Territoriales/RESDAL/resdal_atlas/2016_eng/RESDAL_atlas-2016-ing-02.pdf,pdf,,,,PDF_OK,,26911,0,8,,{}
data/raw_muestra/F3_Dinamicas_Territoriales/RESDAL/resdal_atlas/2016_eng/RESDAL_atlas-2016-ing-03.pdf,pdf,,,,PDF_OK,,7986,0,4,,{}
data/raw_muestra/F3_Dinamicas_Territoriales/RESDAL/resdal_atlas/2016_eng/RESDAL_atlas-2016-ing-04.pdf,pdf,,,,PDF_OK,,21832,0,8,,{}
data/raw_muestra/F3_Dinamicas_Territoriales/RESDAL/resdal_atlas/2016_eng/RESDAL_atlas-2016-ing-05.pdf,pdf,,,,PDF_OK,,38667,0,10,,{}
data/raw_muestra/F3_Dinamicas_Territoriales/RESDAL/resdal_atlas/2016_eng/RESDAL_atlas-2016-ing-06.pdf,pdf,,,,PDF_OK,,9390,0,4,,{}
data/raw_muestra/F3_Dinamicas_Territoriales/RESDAL/resdal_atlas/2016_eng/RESDAL_atlas-2016-ing-07.pdf,pdf,,,,PDF_OK,,104916,0,18,,{}
data/raw_muestra/F3_Dinamicas_Territoriales/RESDAL/resdal_atlas/2016_eng/RESDAL_atlas-2016-ing-08.pdf,pdf,,,,PDF_OK,,73450,0,18,,{}
data/raw_muestra/F3_Dinamicas_Territoriales/RESDAL/resdal_atlas/2016_eng/RESDAL_atlas-2016-ing-09.pdf,pdf,,,,PDF_OK,,43635,0,13,,{}
data/raw_muestra/F3_Dinamicas_Territoriales/RESDAL/resdal_atlas/2016_eng/RESDAL_atlas-2016-ing-10.pdf,pdf,,,,PDF_OK,,18371,0,6,,{}
data/raw_muestra/F3_Dinamicas_Territoriales/RESDAL/resdal_atlas/2016_eng/RESDAL_atlas-2016-ing-11.pdf,pdf,,,,PDF_OK,,16835,0,6,,{}
data/raw_muestra/F3_Dinamicas_Territoriales/RESDAL/resdal_atlas/2016_eng/RESDAL_atlas-2016-ing-12.pdf,pdf,,,,PDF_OK,,35241,0,8,,{}
data/raw_muestra/F3_Dinamicas_Territoriales/RESDAL/resdal_atlas/2016_eng/RESDAL_atlas-2016-ing-13.pdf,pdf,,,,PDF_OK,,19566,0,6,,{}
data/raw_muestra/F3_Dinamicas_Territoriales/RESDAL/resdal_atlas/2016_eng/RESDAL_atlas-2016-ing-14.pdf,pdf,,,,PDF_OK,,19376,0,6,,{}
data/raw_muestra/F3_Dinamicas_Territoriales/RESDAL/resdal_atlas/2016_eng/RESDAL_atlas-2016-ing-15.pdf,pdf,,,,PDF_OK,,29961,0,6,,{}
data/raw_muestra/F3_Dinamicas_Territoriales/RESDAL/resdal_atlas/2016_eng/RESDAL_atlas-2016-ing-16.pdf,pdf,,,,PDF_OK,,21015,0,6,,{}
data/raw_muestra/F3_Dinamicas_Territoriales/RESDAL/resdal_atlas/2016_eng/RESDAL_atlas-2016-ing-17.pdf,pdf,,,,PDF_OK,,16908,0,6,,{}
data/raw_muestra/F3_Dinamicas_Territoriales/RESDAL/resdal_atlas/2016_eng/RESDAL_atlas-2016-ing-18.pdf,pdf,,,,PDF_OK,,16004,0,6,,{}
data/raw_muestra/F3_Dinamicas_Territoriales/RESDAL/resdal_atlas/2016_eng/RESDAL_atlas-2016-ing-19.pdf,pdf,,,,PDF_OK,,16159,0,6,,{}
data/raw_muestra/F3_Dinamicas_Territoriales/RESDAL/resdal_atlas/2016_eng/RESDAL_atlas-2016-ing-20.pdf,pdf,,,,PDF_OK,,19085,0,6,,{}
data/raw_muestra/F3_Dinamicas_Territoriales/RESDAL/resdal_atlas/2016_eng/RESDAL_atlas-2016-ing-21.pdf,pdf,,,,PDF_OK,,27435,0,8,,{}
data/raw_muestra/F3_Dinamicas_Territoriales/RESDAL/resdal_atlas/2016_eng/RESDAL_atlas-2016-ing-22.pdf,pdf,,,,PDF_OK,,21669,0,6,,{}
data/raw_muestra/F3_Dinamicas_Territoriales/RESDAL/resdal_atlas/2016_eng/RESDAL_atlas-2016-ing-23.pdf,pdf,,,,PDF_OK,,21669,0,6,,{}
data/raw_muestra/F3_Dinamicas_Territoriales/RESDAL/resdal_atlas/2016_eng/RESDAL_atlas-2016-ing-24.pdf,pdf,,,,PDF_OK,,15284,0,4,,{}
data/raw_muestra/F3_Dinamicas_Territoriales/RESDAL/resdal_atlas/2016_eng/RESDAL_atlas-2016-ing-25.pdf,pdf,,,,PDF_OK,,21707,0,6,,{}
data/raw_muestra/F3_Dinamicas_Territoriales/RESDAL/resdal_atlas/2016_eng/RESDAL_atlas-2016-ing-26.pdf,pdf,,,,PDF_OK,,24370,0,6,,{}
data/raw_muestra/F3_Dinamicas_Territoriales/RESDAL/resdal_atlas/2016_eng/RESDAL_atlas-2016-ing-completo.pdf,pdf,,,,PDF_OK,,788279,0,211,,{}
data/raw_muestra/F3_Dinamicas_Territoriales/SIPRI/pdfs_full/2024/SIPRI_fs-2512-top-100-2024.pdf,pdf,,,,PDF_OK,,43498,0,12,,{}
data/raw_muestra/F3_Dinamicas_Territoriales/SIPRI/pdfs_full/2025/SIPRI_0725-military-and-security-dimensions-of-quantum-technologies-0.pdf,pdf,,,,PDF_OK,,192700,0,67,,{}
data/raw_muestra/F3_Dinamicas_Territoriales/SIPRI/pdfs_full/2025/SIPRI_0825-ai-military-bias.pdf,pdf,,,,PDF_OK,,99902,0,37,,{}
data/raw_muestra/F3_Dinamicas_Territoriales/SIPRI/pdfs_full/2025/SIPRI_0925-export-controls-and-spyware.pdf,pdf,,,,PDF_OK,,139434,0,47,,{}
data/raw_muestra/F3_Dinamicas_Territoriales/SIPRI/pdfs_full/2025/SIPRI_1125-civilian-ai.pdf,pdf,,,,PDF_OK,,149228,0,49,,{}
data/raw_muestra/F3_Dinamicas_Territoriales/SIPRI/pdfs_full/2025/SIPRI_1225-green-geopolitics-ukraine.pdf,pdf,,,,PDF_OK,,112180,0,38,,{}
data/raw_muestra/F3_Dinamicas_Territoriales/SIPRI/pdfs_full/2025/SIPRI_2025-08-18-xcept-note-de-synthese-limpact-du-conflit-et-du-deplacement-sur-les-femmes-soud.pdf,pdf,,,,PDF_OK,,35986,0,9,,{}
data/raw_muestra/F3_Dinamicas_Territoriales/SIPRI/pdfs_full/2025/SIPRI_2025-11-19-xcept-policy-brief-sudanese-refugee-women-in-eastern-chad.pdf,pdf,,,,PDF_OK,,31026,0,8,,{}
data/raw_muestra/F3_Dinamicas_Territoriales/SIPRI/pdfs_full/2025/SIPRI_2025giz-en-lasting-solutions-fragility-peacebuilding.pdf,pdf,,,,PDF_OK,,24690,0,12,,{}
data/raw_muestra/F3_Dinamicas_Territoriales/SIPRI/pdfs_full/2025/SIPRI_21.11.2025-pb-arabic.pdf,pdf,,,,PDF_OK,,41928,0,8,,{}
data/raw_muestra/F3_Dinamicas_Territoriales/SIPRI/pdfs_full/2025/SIPRI_2509-towards-multilateral-policy-on-aws-1.pdf,pdf,,,,PDF_OK,,105981,0,41,,{}
data/raw_muestra/F3_Dinamicas_Territoriales/SIPRI/pdfs_full/2025/SIPRI_2604-milex-2025.pdf,pdf,,,,PDF_OK,,37694,0,12,,{}
data/raw_muestra/F3_Dinamicas_Territoriales/SIPRI/pdfs_full/2025/SIPRI_autopractices-map-web.pdf,pdf,,,,PDF_OK,,57924,0,28,,{}
data/raw_muestra/F3_Dinamicas_Territoriales/SIPRI/pdfs_full/2025/SIPRI_from-silos-to-synergies-partnering-for-social-cohesion-in-the-sahel-1.pdf,pdf,,,,PDF_OK,,71317,0,24,,{}
data/raw_muestra/F3_Dinamicas_Territoriales/SIPRI/pdfs_full/2025/SIPRI_fs-2603-at-2025.pdf,pdf,,,,PDF_OK,,37302,0,12,,{}
data/raw_muestra/F3_Dinamicas_Territoriales/SIPRI/pdfs_full/2025/SIPRI_ko-laws-v.pdf,pdf,,,,PDF_OK,,47994,0,40,,{}
data/raw_muestra/F3_Dinamicas_Territoriales/SIPRI/pdfs_full/2025/SIPRI_laws-v-0.pdf,pdf,,,,PDF_OK,,84234,0,34,,{}
data/raw_muestra/F3_Dinamicas_Territoriales/SIPRI/pdfs_full/2025/SIPRI_nupi-fact-sheet-abyei.pdf,pdf,,,,PDF_OK,,31782,0,4,,{}
data/raw_muestra/F3_Dinamicas_Territoriales/SIPRI/pdfs_full/2025/SIPRI_pb-2509-osce-climate-security.pdf,pdf,,,,PDF_OK,,37068,0,12,,{}
data/raw_muestra/F3_Dinamicas_Territoriales/SIPRI/pdfs_full/2025/SIPRI_pb-2511-climate-change-human-mobility-and-security.pdf,pdf,,,,PDF_OK,,26666,0,8,,{}
data/raw_muestra/F3_Dinamicas_Territoriales/SIPRI/pdfs_full/2025/SIPRI_pragmatic-approaches-to-governance-at-the-ai-nuclear-nexus.pdf,pdf,,,,PDF_OK,,90814,0,34,,{}
data/raw_muestra/F3_Dinamicas_Territoriales/SIPRI/pdfs_full/2025/SIPRI_rpp-2025-10-ngcm-dakar.pdf,pdf,,,,PDF_OK,,40232,0,12,,{}
data/raw_muestra/F3_Dinamicas_Territoriales/SIPRI/pdfs_full/2025/SIPRI_rpp-2025-11-milex-sdgs-3.pdf,pdf,,,,PDF_OK,,34483,0,12,,{}
data/raw_muestra/F3_Dinamicas_Territoriales/SIPRI/pdfs_full/2025/SIPRI_rpp-2025-11-miltech.pdf,pdf,,,,PDF_OK,,67701,0,20,,{}
data/raw_muestra/F3_Dinamicas_Territoriales/SIPRI/pdfs_full/2025/SIPRI_rpp-2025-12-restrictive-environments-0.pdf,pdf,,,,PDF_OK,,48952,0,16,,{}
data/raw_muestra/F3_Dinamicas_Territoriales/SIPRI/pdfs_full/2025/SIPRI_rpp-2025-12-use-cases-for-emerging-tech-to-strengthen-high-containment-lab-governance-0.pdf,pdf,,,,PDF_OK,,37479,0,12,,{}
data/raw_muestra/F3_Dinamicas_Territoriales/SIPRI/pdfs_full/2025/SIPRI_rpp-florian-katongo.pdf,pdf,,,,PDF_OK,,40470,0,12,,{}
data/raw_muestra/F3_Dinamicas_Territoriales/SIPRI/pdfs_full/2025/SIPRI_rpp-use-cases-emerging-tech-bio-items-0.pdf,pdf,,,,PDF_OK,,36497,0,12,,{}
data/raw_muestra/F3_Dinamicas_Territoriales/SIPRI/pdfs_full/2025/SIPRI_stockholm-forum-session-a-decade-of-youth-peace-and-security-fostering-intergenerational-a.pdf,pdf,,,,PDF_OK,,10846,0,4,,{}
data/raw_muestra/F3_Dinamicas_Territoriales/SIPRI/pdfs_full/2025/SIPRI_women-in-multilateral-peace-operations-in-2025-what-is-the-state-of-play.pdf,pdf,,,,PDF_OK,,38544,0,16,,{}
data/raw_muestra/F3_Dinamicas_Territoriales/SIPRI/pdfs_full/2025/SIPRI_wps-sipri-nupi-fact-sheet.pdf,pdf,,,,PDF_OK,,29778,0,4,,{}
data/raw_muestra/F3_Dinamicas_Territoriales/SIPRI/pdfs_full/2026/SIPRI_0226-milai-procurement-260216.pdf,pdf,,,,PDF_OK,,101358,0,39,,{}
data/raw_muestra/F3_Dinamicas_Territoriales/SIPRI/pdfs_full/2026/SIPRI_0226-milai-procurement-kr.pdf,pdf,,,,PDF_OK,,49985,0,40,,{}
data/raw_muestra/F3_Dinamicas_Territoriales/SIPRI/pdfs_full/2026/SIPRI_0226-rpp-chinese-perspectives-0.pdf,pdf,,,,PDF_OK,,61295,0,20,,{}
data/raw_muestra/F3_Dinamicas_Territoriales/SIPRI/pdfs_full/2026/SIPRI_0226-rpp-chinese-perspectives-chinese.pdf,pdf,,,,PDF_OK,,29242,0,20,,{}
data/raw_muestra/F3_Dinamicas_Territoriales/SIPRI/pdfs_full/2026/SIPRI_0326-calibrating-deterrence.pdf,pdf,,,,PDF_OK,,149705,0,56,,{}
data/raw_muestra/F3_Dinamicas_Territoriales/SIPRI/pdfs_full/2026/SIPRI_0326-preventing-biological-weapons-proliferation-0.pdf,pdf,,,,PDF_OK,,94773,0,36,,{}
data/raw_muestra/F3_Dinamicas_Territoriales/SIPRI/pdfs_full/2026/SIPRI_0626-building-an-effective-infrastructure-for-peace-in-syria-and-lebanon.pdf,pdf,,,,PDF_OK,,91609,0,40,,{}
data/raw_muestra/F3_Dinamicas_Territoriales/SIPRI/pdfs_full/2026/SIPRI_0626-transitions-just-future.pdf,pdf,,,,PDF_OK,,294332,0,84,,{}
data/raw_muestra/F3_Dinamicas_Territoriales/SIPRI/pdfs_full/2026/SIPRI_2026-01-russias-military-budget-for-2026.pdf,pdf,,,,PDF_OK,,82122,0,24,,{}
data/raw_muestra/F3_Dinamicas_Territoriales/SIPRI/pdfs_full/2026/SIPRI_2602-ai-integration.pdf,pdf,,,,PDF_OK,,120251,0,38,,{}
data/raw_muestra/F3_Dinamicas_Territoriales/SIPRI/pdfs_full/2026/SIPRI_centerfold-east-a3.pdf,pdf,,,,PDF_OK,,9571,0,1,,{}
data/raw_muestra/F3_Dinamicas_Territoriales/SIPRI/pdfs_full/2026/SIPRI_centerfold-south-a3.pdf,pdf,,,,PDF_OK,,8237,0,1,,{}
data/raw_muestra/F3_Dinamicas_Territoriales/SIPRI/pdfs_full/2026/SIPRI_centerfold-west-africa-a3.pdf,pdf,,,,PDF_OK,,6642,0,1,,{}
data/raw_muestra/F3_Dinamicas_Territoriales/SIPRI/pdfs_full/2026/SIPRI_end-of-mission-ville-savoranta.pdf,pdf,,,,PDF_OK,,68349,0,20,,{}
data/raw_muestra/F3_Dinamicas_Territoriales/SIPRI/pdfs_full/2026/SIPRI_eunpdc-no-100-cyber-disarmament.pdf,pdf,,,,PDF_OK,,85081,0,20,,{}
data/raw_muestra/F3_Dinamicas_Territoriales/SIPRI/pdfs_full/2026/SIPRI_fs-2605-mpo-2026.pdf,pdf,,,,PDF_OK,,38224,0,12,,{}
data/raw_muestra/F3_Dinamicas_Territoriales/SIPRI/pdfs_full/2026/SIPRI_gendered-dimensions-of-climate-related-security-risks.pdf,pdf,,,,PDF_OK,,148608,0,62,,{}
data/raw_muestra/F3_Dinamicas_Territoriales/SIPRI/pdfs_full/2026/SIPRI_gpg-2026-ccic.pdf,pdf,,,,PDF_OK,,69412,0,20,,{}
data/raw_muestra/F3_Dinamicas_Territoriales/SIPRI/pdfs_full/2026/SIPRI_military-assistance-east-0.pdf,pdf,,,,PDF_OK,,55721,0,12,,{}
data/raw_muestra/F3_Dinamicas_Territoriales/SIPRI/pdfs_full/2026/SIPRI_military-assistance-south.pdf,pdf,,,,PDF_OK,,55328,0,12,,{}
data/raw_muestra/F3_Dinamicas_Territoriales/SIPRI/pdfs_full/2026/SIPRI_military-assistance-west-africa.pdf,pdf,,,,PDF_OK,,67794,0,15,,{}
data/raw_muestra/F3_Dinamicas_Territoriales/SIPRI/pdfs_full/2026/SIPRI_nupi-fact-sheet-afghanistan.pdf,pdf,,,,PDF_OK,,33164,0,4,,{}
data/raw_muestra/F3_Dinamicas_Territoriales/SIPRI/pdfs_full/2026/SIPRI_nupi-fact-sheet-lake-chad.pdf,pdf,,,,PDF_OK,,27861,0,4,,{}
data/raw_muestra/F3_Dinamicas_Territoriales/SIPRI/pdfs_full/2026/SIPRI_pb-2601-china-and-the-changing-international-dev-landscape.pdf,pdf,,,,PDF_OK,,28450,0,8,,{}
data/raw_muestra/F3_Dinamicas_Territoriales/SIPRI/pdfs_full/2026/SIPRI_rpp-2026-01-future-proofing-civilian-csdp.pdf,pdf,,,,PDF_OK,,45568,0,16,,{}
data/raw_muestra/F3_Dinamicas_Territoriales/SIPRI/pdfs_full/2026/SIPRI_rpp-2026-01-multidomain-escalation-risks-1.pdf,pdf,,,,PDF_OK,,37488,0,12,,{}
data/raw_muestra/F3_Dinamicas_Territoriales/SIPRI/pdfs_full/2026/SIPRI_rpp-2026-03-25-years-of-men.pdf,pdf,,,,PDF_OK,,53577,0,16,,{}
data/raw_muestra/F3_Dinamicas_Territoriales/SIPRI/pdfs_full/2026/SIPRI_rpp-2026-06-aid-cuts-and-security-risks.pdf,pdf,,,,PDF_OK,,80178,0,24,,{}
data/raw_muestra/F3_Dinamicas_Territoriales/SIPRI/sipri_data/pdfs/SIPRI_2021.pdf,pdf,,,,PDF_OK,,218140,0,60,,{}
data/raw_muestra/F3_Dinamicas_Territoriales/SIPRI/sipri_data/pdfs/SIPRI_20240212113627.pdf,pdf,,,,PDF_OK,,435453,0,191,,{}
data/raw_muestra/F3_Dinamicas_Territoriales/SIPRI/sipri_data/pdfs/SIPRI_22136.pdf,pdf,,,,PDF_CORRUPTO,,0,0,0,No /Root object! - Is this really a PDF?,{}
data/raw_muestra/F3_Dinamicas_Territoriales/SIPRI/sipri_data/pdfs/SIPRI_33.impaginato-lorenzo-scarazzato-noah-heinemann-why-the-eu-fiscal-reform-is-not-solving-na.pdf,pdf,,,,PDF_OK,,7801,0,4,,{}
data/raw_muestra/F3_Dinamicas_Territoriales/SIPRI/sipri_data/pdfs/SIPRI_9781954445024.pdf,pdf,,,,PDF_OK,,327173,0,114,,{}
data/raw_muestra/F3_Dinamicas_Territoriales/SIPRI/sipri_data/pdfs/SIPRI_ar-34.pdf,pdf,,,,PDF_OK,,93401,0,24,,{}
data/raw_muestra/F3_Dinamicas_Territoriales/SIPRI/sipri_data/pdfs/SIPRI_att-monitor-report-2025.pdf,pdf,,,,PDF_OK,,415085,0,138,,{}
data/raw_muestra/F3_Dinamicas_Territoriales/SIPRI/sipri_data/pdfs/SIPRI_cmc-finland-working-papers-series-1-web-saavutettava.pdf,pdf,,,,PDF_OK,,38223,0,16,,{}
data/raw_muestra/F3_Dinamicas_Territoriales/SIPRI/sipri_data/pdfs/SIPRI_db26ed4d9b959cb6798443f80d4d4474.pdf,pdf,,,,PDF_OK,,20274,0,3,,{}
data/raw_muestra/F3_Dinamicas_Territoriales/SIPRI/sipri_data/pdfs/SIPRI_djokic-ignjatijevic-2020-why-are-people-leaving-the-serbian-defence-system.pdf,pdf,,,,PDF_OK,,91251,0,29,,{}
data/raw_muestra/F3_Dinamicas_Territoriales/SIPRI/sipri_data/pdfs/SIPRI_files2fthe-fourth-phase-in-the-taiwan-strait-military-standoff-emerging-dynamics-and-the-p.pdf,pdf,,,,PDF_OK,,34202,0,16,,{}
data/raw_muestra/F3_Dinamicas_Territoriales/SIPRI/sipri_data/pdfs/SIPRI_gcf-annual-report-2023-through-collective-action.pdf,pdf,,,,PDF_OK,,115145,0,49,,{}
data/raw_muestra/F3_Dinamicas_Territoriales/SIPRI/sipri_data/pdfs/SIPRI_hsrc20lmip20report20320growth20employment20and20skills-1.pdf,pdf,,,,PDF_CORRUPTO,,0,0,0,No /Root object! - Is this really a PDF?,{}
data/raw_muestra/F3_Dinamicas_Territoriales/SIPRI/sipri_data/pdfs/SIPRI_report-international-arms-flows.pdf,pdf,,,,PDF_OK,,54872,0,25,,{}
data/raw_muestra/F3_Dinamicas_Territoriales/SIPRI/sipri_data/pdfs/SIPRI_sustainablefinanceoutlook-20250612.pdf,pdf,,,,PDF_OK,,85218,0,28,,{}
